Date,Open,High,Close,Target_5min,Target_1hour,Target_1day
2023-12-01 00:15:00,3.0,1.0,1.0,0.0,7.0,1528.0
2023-12-01 00:20:00,1.0,3.0,1.0,1.0,7.0,1528.0
2023-12-01 00:25:00,1.0,1.0,3.0,1.0,6.0,1527.0
2023-12-01 00:30:00,1.0,1.0,1.0,0.0,7.0,1528.0
2023-12-01 00:35:00,1.0,1.0,1.0,1.0,8.0,1529.0
2023-12-01 00:40:00,1.0,1.0,1.0,1.0,7.0,1528.0
2023-12-01 00:45:00,1.0,1.0,1.0,0.0,6.0,1527.0
2023-12-01 00:50:00,1.0,1.0,1.0,1.0,6.0,1528.0
2023-12-01 00:55:00,1.0,1.0,1.0,0.0,5.0,1528.0
2023-12-01 01:00:00,1.0,1.0,1.0,1.0,5.0,1528.0
2023-12-01 01:05:00,1.0,1.0,1.0,1.0,4.0,1527.0
2023-12-01 01:10:00,1.0,1.0,1.0,0.0,3.0,1526.0
2023-12-01 01:15:00,1.0,1.0,1.0,0.0,3.0,1526.0
2023-12-01 01:20:00,1.0,1.0,1.0,0.0,3.0,1526.0
2023-12-01 01:25:00,1.0,1.0,1.0,2.0,3.0,1526.0
2023-12-01 01:30:00,2.0,1.0,1.0,1.0,1.0,1524.0
2023-12-01 01:35:00,1.0,2.0,1.0,0.0,0.0,1523.0
2023-12-01 01:40:00,1.0,1.0,2.0,0.0,2.0,1523.0
2023-12-01 01:45:00,1.0,1.0,1.0,0.0,2.0,1523.0
2023-12-01 01:50:00,1.0,1.0,1.0,0.0,2.0,1523.0
2023-12-01 01:55:00,1.0,1.0,1.0,0.0,2.0,1523.0
2023-12-01 02:00:00,1.0,1.0,1.0,0.0,2.0,1523.0
2023-12-01 02:05:00,1.0,1.0,1.0,0.0,2.0,1523.0
2023-12-01 02:10:00,1.0,1.0,1.0,0.0,3.0,1523.0
2023-12-01 02:15:00,1.0,1.0,1.0,0.0,3.0,1523.0
2023-12-01 02:20:00,1.0,1.0,1.0,0.0,3.0,1523.0
2023-12-01 02:25:00,1.0,1.0,1.0,0.0,3.0,1523.0
2023-12-01 02:30:00,1.0,1.0,1.0,0.0,3.0,1523.0
2023-12-01 02:35:00,1.0,1.0,1.0,2.0,4.0,1523.0
2023-12-01 02:40:00,2.0,1.0,1.0,0.0,2.0,1521.0
2023-12-01 02:45:00,1.0,2.0,1.0,0.0,2.0,1522.0
2023-12-01 02:50:00,1.0,1.0,2.0,0.0,3.0,1522.0
2023-12-01 02:55:00,1.0,1.0,1.0,0.0,3.0,1522.0
2023-12-01 03:00:00,1.0,1.0,1.0,0.0,3.0,1522.0
2023-12-01 03:05:00,1.0,1.0,1.0,1.0,3.0,1522.0
2023-12-01 03:10:00,1.0,1.0,1.0,0.0,2.0,1522.0
2023-12-01 03:15:00,1.0,1.0,1.0,0.0,2.0,1522.0
2023-12-01 03:20:00,1.0,1.0,1.0,0.0,2.0,1522.0
2023-12-01 03:25:00,1.0,1.0,1.0,0.0,2.0,1522.0
2023-12-01 03:30:00,1.0,1.0,1.0,1.0,2.0,1523.0
2023-12-01 03:35:00,1.0,1.0,1.0,0.0,1.0,1523.0
2023-12-01 03:40:00,1.0,1.0,1.0,0.0,1.0,1523.0
2023-12-01 03:45:00,1.0,1.0,1.0,1.0,1.0,1523.0
2023-12-01 03:50:00,1.0,1.0,1.0,0.0,0.0,1522.0
2023-12-01 03:55:00,1.0,1.0,1.0,0.0,1.0,1522.0
2023-12-01 04:00:00,1.0,1.0,1.0,0.0,4.0,1522.0
2023-12-01 04:05:00,1.0,1.0,1.0,0.0,4.0,1522.0
2023-12-01 04:10:00,1.0,1.0,1.0,0.0,5.0,1522.0
2023-12-01 04:15:00,1.0,1.0,1.0,0.0,5.0,1523.0
2023-12-01 04:20:00,1.0,1.0,1.0,0.0,6.0,1523.0
2023-12-01 04:25:00,1.0,1.0,1.0,0.0,6.0,1523.0
2023-12-01 04:30:00,1.0,1.0,1.0,0.0,7.0,1523.0
2023-12-01 04:35:00,1.0,1.0,1.0,0.0,9.0,1523.0
2023-12-01 04:40:00,1.0,1.0,1.0,0.0,12.0,1523.0
2023-12-01 04:45:00,1.0,1.0,1.0,0.0,12.0,1523.0
2023-12-01 04:50:00,1.0,1.0,1.0,1.0,14.0,1523.0
2023-12-01 04:55:00,1.0,1.0,1.0,3.0,15.0,1522.0
2023-12-01 05:00:00,3.0,1.0,1.0,0.0,12.0,1519.0
2023-12-01 05:05:00,1.0,3.0,1.0,1.0,13.0,1520.0
2023-12-01 05:10:00,1.0,1.0,3.0,0.0,12.0,1522.0
2023-12-01 05:15:00,1.0,1.0,1.0,1.0,13.0,1522.0
2023-12-01 05:20:00,1.0,1.0,1.0,0.0,13.0,1523.0
2023-12-01 05:25:00,1.0,1.0,1.0,1.0,19.0,1526.0
2023-12-01 05:30:00,1.0,1.0,1.0,2.0,21.0,1527.0
2023-12-01 05:35:00,2.0,1.0,1.0,3.0,23.0,1527.0
2023-12-01 05:40:00,3.0,2.0,1.0,0.0,24.0,1524.0
2023-12-01 05:45:00,1.0,3.0,2.0,2.0,26.0,1524.0
2023-12-01 05:50:00,2.0,1.0,3.0,2.0,34.0,1522.0
2023-12-01 05:55:00,2.0,2.0,1.0,0.0,34.0,1522.0
2023-12-01 06:00:00,1.0,2.0,2.0,1.0,44.0,1523.0
2023-12-01 06:05:00,1.0,1.0,2.0,0.0,53.0,1523.0
2023-12-01 06:10:00,1.0,1.0,1.0,1.0,61.0,1524.0
2023-12-01 06:15:00,1.0,1.0,1.0,1.0,70.0,1524.0
2023-12-01 06:20:00,1.0,1.0,1.0,6.0,77.0,1523.0
2023-12-01 06:25:00,6.0,1.0,1.0,3.0,79.0,1521.0
2023-12-01 06:30:00,3.0,6.0,1.0,4.0,83.0,1520.0
2023-12-01 06:35:00,4.0,3.0,6.0,4.0,84.0,1519.0
2023-12-01 06:40:00,4.0,4.0,3.0,2.0,87.0,1516.0
2023-12-01 06:45:00,2.0,4.0,4.0,10.0,92.0,1520.0
2023-12-01 06:50:00,10.0,2.0,4.0,2.0,90.0,1516.0
2023-12-01 06:55:00,2.0,10.0,2.0,10.0,100.0,1520.0
2023-12-01 07:00:00,10.0,2.0,10.0,10.0,94.0,1518.0
2023-12-01 07:05:00,10.0,10.0,2.0,8.0,94.0,1519.0
2023-12-01 07:10:00,8.0,10.0,10.0,10.0,99.0,1517.0
2023-12-01 07:15:00,10.0,8.0,10.0,8.0,89.0,1519.0
2023-12-01 07:20:00,8.0,10.0,8.0,8.0,82.0,1520.0
2023-12-01 07:25:00,8.0,8.0,10.0,7.0,81.0,1518.0
2023-12-01 07:30:00,7.0,8.0,8.0,5.0,80.0,1521.0
2023-12-01 07:35:00,5.0,7.0,8.0,7.0,78.0,1525.0
2023-12-01 07:40:00,7.0,5.0,7.0,7.0,77.0,1526.0
2023-12-01 07:45:00,7.0,7.0,5.0,8.0,84.0,1531.0
2023-12-01 07:50:00,8.0,7.0,7.0,12.0,84.0,1532.0
2023-12-01 07:55:00,12.0,8.0,7.0,4.0,74.0,1531.0
2023-12-01 08:00:00,4.0,12.0,8.0,10.0,79.0,1536.0
2023-12-01 08:05:00,10.0,4.0,12.0,13.0,83.0,1537.0
2023-12-01 08:10:00,13.0,10.0,4.0,0.0,81.0,1529.0
2023-12-01 08:15:00,1.0,13.0,10.0,1.0,95.0,1536.0
2023-12-01 08:20:00,1.0,1.0,13.0,7.0,100.0,1547.0
2023-12-01 08:25:00,7.0,1.0,1.0,6.0,105.0,1547.0
2023-12-01 08:30:00,6.0,7.0,1.0,3.0,112.0,1548.0
2023-12-01 08:35:00,3.0,6.0,7.0,6.0,123.0,1553.0
2023-12-01 08:40:00,6.0,3.0,6.0,14.0,127.0,1556.0
2023-12-01 08:45:00,14.0,6.0,3.0,8.0,122.0,1550.0
2023-12-01 08:50:00,8.0,14.0,6.0,2.0,121.0,1551.0
2023-12-01 08:55:00,2.0,8.0,14.0,9.0,137.0,1557.0
2023-12-01 09:00:00,9.0,2.0,8.0,14.0,135.0,1559.0
2023-12-01 09:05:00,14.0,9.0,2.0,11.0,125.0,1559.0
2023-12-01 09:10:00,11.0,14.0,9.0,14.0,127.0,1560.0
2023-12-01 09:15:00,14.0,11.0,14.0,6.0,119.0,1560.0
2023-12-01 09:20:00,6.0,14.0,11.0,12.0,130.0,1567.0
2023-12-01 09:25:00,12.0,6.0,14.0,13.0,129.0,1575.0
2023-12-01 09:30:00,13.0,12.0,6.0,14.0,132.0,1580.0
2023-12-01 09:35:00,14.0,13.0,12.0,10.0,128.0,1576.0
2023-12-01 09:40:00,10.0,14.0,13.0,9.0,131.0,1583.0
2023-12-01 09:45:00,9.0,10.0,14.0,7.0,131.0,1590.0
2023-12-01 09:50:00,7.0,9.0,10.0,18.0,136.0,1591.0
2023-12-01 09:55:00,18.0,7.0,9.0,7.0,133.0,1586.0
2023-12-01 10:00:00,7.0,18.0,7.0,4.0,131.0,1583.0
2023-12-01 10:05:00,4.0,7.0,18.0,13.0,140.0,1592.0
2023-12-01 10:10:00,13.0,4.0,7.0,6.0,138.0,1591.0
2023-12-01 10:15:00,6.0,13.0,4.0,17.0,136.0,1595.0
2023-12-01 10:20:00,17.0,6.0,13.0,11.0,125.0,1594.0
2023-12-01 10:25:00,11.0,17.0,6.0,16.0,130.0,1595.0
2023-12-01 10:30:00,16.0,11.0,17.0,10.0,119.0,1591.0
2023-12-01 10:35:00,10.0,16.0,11.0,13.0,123.0,1596.0
2023-12-01 10:40:00,13.0,10.0,16.0,9.0,122.0,1596.0
2023-12-01 10:45:00,9.0,13.0,10.0,12.0,124.0,1604.0
2023-12-01 10:50:00,12.0,9.0,13.0,15.0,125.0,1609.0
2023-12-01 10:55:00,15.0,12.0,9.0,5.0,117.0,1611.0
2023-12-01 11:00:00,5.0,15.0,12.0,13.0,121.0,1622.0
2023-12-01 11:05:00,13.0,5.0,15.0,11.0,120.0,1625.0
2023-12-01 11:10:00,11.0,13.0,5.0,4.0,119.0,1625.0
2023-12-01 11:15:00,4.0,11.0,13.0,6.0,123.0,1636.0
2023-12-01 11:20:00,6.0,4.0,11.0,16.0,126.0,1641.0
2023-12-01 11:25:00,16.0,6.0,4.0,5.0,115.0,1637.0
2023-12-01 11:30:00,5.0,16.0,6.0,14.0,120.0,1646.0
2023-12-01 11:35:00,14.0,5.0,16.0,12.0,116.0,1645.0
2023-12-01 11:40:00,12.0,14.0,5.0,11.0,110.0,1641.0
2023-12-01 11:45:00,11.0,12.0,14.0,13.0,108.0,1639.0
2023-12-01 11:50:00,13.0,11.0,12.0,7.0,104.0,1638.0
2023-12-01 11:55:00,7.0,13.0,11.0,9.0,107.0,1638.0
2023-12-01 12:00:00,9.0,7.0,13.0,12.0,103.0,1637.0
2023-12-01 12:05:00,12.0,9.0,7.0,10.0,100.0,1640.0
2023-12-01 12:10:00,10.0,12.0,9.0,8.0,98.0,1646.0
2023-12-01 12:15:00,8.0,10.0,12.0,9.0,104.0,1651.0
2023-12-01 12:20:00,9.0,8.0,10.0,5.0,105.0,1649.0
2023-12-01 12:25:00,5.0,9.0,8.0,10.0,108.0,1657.0
2023-12-01 12:30:00,10.0,5.0,9.0,10.0,108.0,1654.0
2023-12-01 12:35:00,10.0,10.0,5.0,6.0,103.0,1652.0
2023-12-01 12:40:00,6.0,10.0,10.0,9.0,112.0,1655.0
2023-12-01 12:45:00,9.0,6.0,10.0,9.0,110.0,1655.0
2023-12-01 12:50:00,9.0,9.0,6.0,10.0,112.0,1664.0
2023-12-01 12:55:00,10.0,9.0,9.0,5.0,115.0,1667.0
2023-12-01 13:00:00,5.0,10.0,9.0,9.0,116.0,1667.0
2023-12-01 13:05:00,9.0,5.0,10.0,8.0,115.0,1676.0
2023-12-01 13:10:00,8.0,9.0,5.0,14.0,122.0,1672.0
2023-12-01 13:15:00,14.0,8.0,9.0,10.0,120.0,1667.0
2023-12-01 13:20:00,10.0,14.0,8.0,8.0,113.0,1663.0
2023-12-01 13:25:00,8.0,10.0,14.0,10.0,105.0,1665.0
2023-12-01 13:30:00,10.0,8.0,10.0,5.0,97.0,1670.0
2023-12-01 13:35:00,5.0,10.0,8.0,15.0,99.0,1680.0
2023-12-01 13:40:00,15.0,5.0,10.0,7.0,91.0,1674.0
2023-12-01 13:45:00,7.0,15.0,5.0,11.0,91.0,1678.0
2023-12-01 13:50:00,11.0,7.0,15.0,13.0,89.0,1677.0
2023-12-01 13:55:00,13.0,11.0,7.0,6.0,87.0,1671.0
2023-12-01 14:00:00,6.0,13.0,11.0,8.0,96.0,1679.0
2023-12-01 14:05:00,8.0,6.0,13.0,15.0,96.0,1685.0
2023-12-01 14:10:00,15.0,8.0,6.0,12.0,95.0,1676.0
2023-12-01 14:15:00,12.0,15.0,8.0,3.0,88.0,1670.0
2023-12-01 14:20:00,3.0,12.0,15.0,0.0,94.0,1681.0
2023-12-01 14:25:00,1.0,3.0,12.0,2.0,107.0,1691.0
2023-12-01 14:30:00,2.0,1.0,3.0,7.0,115.0,1697.0
2023-12-01 14:35:00,7.0,2.0,1.0,7.0,114.0,1700.0
2023-12-01 14:40:00,7.0,7.0,2.0,7.0,116.0,1705.0
2023-12-01 14:45:00,7.0,7.0,7.0,9.0,120.0,1708.0
2023-12-01 14:50:00,9.0,7.0,7.0,11.0,120.0,1718.0
2023-12-01 14:55:00,11.0,9.0,7.0,15.0,118.0,1717.0
2023-12-01 15:00:00,15.0,11.0,9.0,8.0,110.0,1707.0
2023-12-01 15:05:00,8.0,15.0,11.0,14.0,112.0,1706.0
2023-12-01 15:10:00,14.0,8.0,15.0,5.0,104.0,1700.0
2023-12-01 15:15:00,5.0,14.0,8.0,9.0,112.0,1699.0
2023-12-01 15:20:00,9.0,5.0,14.0,13.0,110.0,1699.0
2023-12-01 15:25:00,13.0,9.0,5.0,10.0,104.0,1704.0
2023-12-01 15:30:00,10.0,13.0,9.0,6.0,108.0,1705.0
2023-12-01 15:35:00,6.0,10.0,13.0,9.0,113.0,1711.0
2023-12-01 15:40:00,9.0,6.0,10.0,11.0,114.0,1710.0
2023-12-01 15:45:00,11.0,9.0,6.0,9.0,116.0,1714.0
2023-12-01 15:50:00,9.0,11.0,9.0,9.0,121.0,1719.0
2023-12-01 15:55:00,9.0,9.0,11.0,7.0,129.0,1723.0
2023-12-01 16:00:00,7.0,9.0,9.0,10.0,137.0,1722.0
2023-12-01 16:05:00,10.0,7.0,9.0,6.0,141.0,1720.0
2023-12-01 16:10:00,6.0,10.0,7.0,13.0,146.0,1725.0
2023-12-01 16:15:00,13.0,6.0,10.0,7.0,153.0,1720.0
2023-12-01 16:20:00,7.0,13.0,6.0,7.0,152.0,1724.0
2023-12-01 16:25:00,7.0,7.0,13.0,14.0,154.0,1725.0
2023-12-01 16:30:00,14.0,7.0,7.0,11.0,149.0,1719.0
2023-12-01 16:35:00,11.0,14.0,7.0,10.0,147.0,1720.0
2023-12-01 16:40:00,10.0,11.0,14.0,13.0,153.0,1718.0
2023-12-01 16:45:00,13.0,10.0,11.0,14.0,158.0,1715.0
2023-12-01 16:50:00,14.0,13.0,10.0,17.0,156.0,1710.0
2023-12-01 16:55:00,17.0,14.0,13.0,15.0,143.0,1700.0
2023-12-01 17:00:00,15.0,17.0,14.0,14.0,142.0,1698.0
2023-12-01 17:05:00,14.0,15.0,17.0,11.0,143.0,1695.0
2023-12-01 17:10:00,11.0,14.0,15.0,20.0,144.0,1702.0
2023-12-01 17:15:00,20.0,11.0,14.0,6.0,129.0,1690.0
2023-12-01 17:20:00,6.0,20.0,11.0,9.0,133.0,1695.0
2023-12-01 17:25:00,9.0,6.0,20.0,9.0,128.0,1694.0
2023-12-01 17:30:00,9.0,9.0,6.0,9.0,126.0,1695.0
2023-12-01 17:35:00,9.0,9.0,9.0,16.0,122.0,1701.0
2023-12-01 17:40:00,16.0,9.0,9.0,18.0,115.0,1695.0
2023-12-01 17:45:00,18.0,16.0,9.0,12.0,100.0,1691.0
2023-12-01 17:50:00,12.0,18.0,16.0,4.0,92.0,1687.0
2023-12-01 17:55:00,4.0,12.0,18.0,14.0,96.0,1695.0
2023-12-01 18:00:00,14.0,4.0,12.0,15.0,84.0,1690.0
2023-12-01 18:05:00,15.0,14.0,4.0,12.0,71.0,1685.0
2023-12-01 18:10:00,12.0,15.0,14.0,5.0,59.0,1680.0
2023-12-01 18:15:00,5.0,12.0,15.0,10.0,54.0,1682.0
2023-12-01 18:20:00,10.0,5.0,12.0,4.0,45.0,1677.0
2023-12-01 18:25:00,4.0,10.0,5.0,7.0,49.0,1682.0
2023-12-01 18:30:00,7.0,4.0,10.0,5.0,47.0,1686.0
2023-12-01 18:35:00,5.0,7.0,4.0,9.0,43.0,1690.0
2023-12-01 18:40:00,9.0,5.0,7.0,3.0,34.0,1688.0
2023-12-01 18:45:00,3.0,9.0,5.0,4.0,31.0,1691.0
2023-12-01 18:50:00,4.0,3.0,9.0,8.0,27.0,1696.0
2023-12-01 18:55:00,8.0,4.0,3.0,2.0,21.0,1698.0
2023-12-01 19:00:00,2.0,8.0,4.0,2.0,22.0,1704.0
2023-12-01 19:05:00,2.0,2.0,8.0,0.0,20.0,1710.0
2023-12-01 19:10:00,1.0,2.0,2.0,0.0,21.0,1713.0
2023-12-01 19:15:00,1.0,1.0,2.0,1.0,24.0,1719.0
2023-12-01 19:20:00,1.0,1.0,1.0,8.0,24.0,1723.0
2023-12-01 19:25:00,8.0,1.0,1.0,5.0,16.0,1721.0
2023-12-01 19:30:00,5.0,8.0,1.0,1.0,13.0,1717.0
2023-12-01 19:35:00,1.0,5.0,8.0,0.0,12.0,1722.0
2023-12-01 19:40:00,1.0,1.0,5.0,0.0,12.0,1728.0
2023-12-01 19:45:00,1.0,1.0,1.0,0.0,13.0,1730.0
2023-12-01 19:50:00,1.0,1.0,1.0,2.0,15.0,1733.0
2023-12-01 19:55:00,2.0,1.0,1.0,3.0,18.0,1736.0
2023-12-01 20:00:00,3.0,2.0,1.0,0.0,19.0,1734.0
2023-12-01 20:05:00,1.0,3.0,2.0,1.0,21.0,1740.0
2023-12-01 20:10:00,1.0,1.0,3.0,3.0,23.0,1744.0
2023-12-01 20:15:00,3.0,1.0,1.0,1.0,22.0,1747.0
2023-12-01 20:20:00,1.0,3.0,1.0,0.0,25.0,1749.0
2023-12-01 20:25:00,1.0,1.0,3.0,2.0,27.0,1755.0
2023-12-01 20:30:00,2.0,1.0,1.0,0.0,27.0,1754.0
2023-12-01 20:35:00,1.0,2.0,1.0,0.0,32.0,1757.0
2023-12-01 20:40:00,1.0,1.0,2.0,1.0,35.0,1760.0
2023-12-01 20:45:00,1.0,1.0,1.0,2.0,36.0,1761.0
2023-12-01 20:50:00,2.0,1.0,1.0,5.0,36.0,1765.0
2023-12-01 20:55:00,5.0,2.0,1.0,4.0,34.0,1766.0
2023-12-01 21:00:00,4.0,5.0,2.0,2.0,30.0,1770.0
2023-12-01 21:05:00,2.0,4.0,5.0,3.0,31.0,1771.0
2023-12-01 21:10:00,3.0,2.0,4.0,2.0,29.0,1772.0
2023-12-01 21:15:00,2.0,3.0,2.0,4.0,29.0,1774.0
2023-12-01 21:20:00,4.0,2.0,3.0,2.0,26.0,1773.0
2023-12-01 21:25:00,2.0,4.0,2.0,2.0,25.0,1776.0
2023-12-01 21:30:00,2.0,2.0,4.0,5.0,23.0,1777.0
2023-12-01 21:35:00,5.0,2.0,2.0,3.0,19.0,1777.0
2023-12-01 21:40:00,3.0,5.0,2.0,2.0,18.0,1776.0
2023-12-01 21:45:00,2.0,3.0,5.0,2.0,18.0,1777.0
2023-12-01 21:50:00,2.0,2.0,3.0,3.0,17.0,1775.0
2023-12-01 21:55:00,3.0,2.0,2.0,0.0,20.0,1776.0
2023-12-01 22:00:00,1.0,3.0,2.0,3.0,20.0,1777.0
2023-12-01 22:05:00,3.0,1.0,3.0,1.0,17.0,1774.0
2023-12-01 22:10:00,1.0,3.0,1.0,2.0,16.0,1774.0
2023-12-01 22:15:00,2.0,1.0,3.0,1.0,16.0,1772.0
2023-12-01 22:20:00,1.0,2.0,1.0,1.0,15.0,1772.0
2023-12-01 22:25:00,1.0,1.0,2.0,0.0,16.0,1774.0
2023-12-01 22:30:00,1.0,1.0,1.0,1.0,17.0,1774.0
2023-12-01 22:35:00,1.0,1.0,1.0,2.0,18.0,1776.0
2023-12-01 22:40:00,2.0,1.0,1.0,2.0,18.0,1775.0
2023-12-01 22:45:00,2.0,2.0,1.0,1.0,17.0,1773.0
2023-12-01 22:50:00,1.0,2.0,2.0,6.0,17.0,1774.0
2023-12-01 22:55:00,6.0,1.0,2.0,0.0,11.0,1770.0
2023-12-01 23:00:00,1.0,6.0,1.0,0.0,11.0,1770.0
2023-12-01 23:05:00,1.0,1.0,6.0,0.0,11.0,1771.0
2023-12-01 23:10:00,1.0,1.0,1.0,2.0,13.0,1773.0
2023-12-01 23:15:00,2.0,1.0,1.0,0.0,12.0,1771.0
2023-12-01 23:20:00,1.0,2.0,1.0,2.0,12.0,1772.0
2023-12-01 23:25:00,2.0,1.0,2.0,1.0,10.0,1771.0
2023-12-01 23:30:00,1.0,2.0,1.0,2.0,11.0,1770.0
2023-12-01 23:35:00,2.0,1.0,2.0,2.0,10.0,1769.0
2023-12-01 23:40:00,2.0,2.0,1.0,1.0,8.0,1769.0
2023-12-01 23:45:00,1.0,2.0,2.0,1.0,7.0,1770.0
2023-12-01 23:50:00,1.0,1.0,2.0,0.0,7.0,1770.0
2023-12-01 23:55:00,1.0,1.0,1.0,0.0,8.0,1772.0
2023-12-02 00:00:00,1.0,1.0,1.0,0.0,8.0,1772.0
2023-12-02 00:05:00,1.0,1.0,1.0,2.0,8.0,1773.0
2023-12-02 00:10:00,2.0,1.0,1.0,1.0,6.0,1773.0
2023-12-02 00:15:00,1.0,2.0,1.0,0.0,5.0,1773.0
2023-12-02 00:20:00,1.0,1.0,2.0,0.0,5.0,1775.0
2023-12-02 00:25:00,1.0,1.0,1.0,2.0,5.0,1775.0
2023-12-02 00:30:00,2.0,1.0,1.0,1.0,3.0,1774.0
2023-12-02 00:35:00,1.0,2.0,1.0,0.0,2.0,1774.0
2023-12-02 00:40:00,1.0,1.0,2.0,0.0,2.0,1775.0
2023-12-02 00:45:00,1.0,1.0,1.0,1.0,2.0,1775.0
2023-12-02 00:50:00,1.0,1.0,1.0,1.0,1.0,1774.0
2023-12-02 00:55:00,1.0,1.0,1.0,0.0,0.0,1774.0
2023-12-02 01:00:00,1.0,1.0,1.0,0.0,0.0,1776.0
2023-12-02 01:05:00,1.0,1.0,1.0,0.0,0.0,1777.0
2023-12-02 01:10:00,1.0,1.0,1.0,0.0,0.0,1777.0
2023-12-02 01:15:00,1.0,1.0,1.0,0.0,0.0,1778.0
2023-12-02 01:20:00,1.0,1.0,1.0,0.0,0.0,1778.0
2023-12-02 01:25:00,1.0,1.0,1.0,0.0,0.0,1779.0
2023-12-02 01:30:00,1.0,1.0,1.0,0.0,0.0,1781.0
2023-12-02 01:35:00,1.0,1.0,1.0,0.0,0.0,1781.0
2023-12-02 01:40:00,1.0,1.0,1.0,0.0,0.0,1781.0
2023-12-02 01:45:00,1.0,1.0,1.0,0.0,1.0,1781.0
2023-12-02 01:50:00,1.0,1.0,1.0,0.0,1.0,1781.0
2023-12-02 01:55:00,1.0,1.0,1.0,0.0,1.0,1781.0
2023-12-02 02:00:00,1.0,1.0,1.0,0.0,1.0,1781.0
2023-12-02 02:05:00,1.0,1.0,1.0,0.0,1.0,1781.0
2023-12-02 02:10:00,1.0,1.0,1.0,0.0,2.0,1781.0
2023-12-02 02:15:00,1.0,1.0,1.0,0.0,2.0,1781.0
2023-12-02 02:20:00,1.0,1.0,1.0,0.0,2.0,1781.0
2023-12-02 02:25:00,1.0,1.0,1.0,0.0,2.0,1782.0
2023-12-02 02:30:00,1.0,1.0,1.0,0.0,3.0,1784.0
2023-12-02 02:35:00,1.0,1.0,1.0,0.0,4.0,1785.0
2023-12-02 02:40:00,1.0,1.0,1.0,1.0,4.0,1785.0
2023-12-02 02:45:00,1.0,1.0,1.0,0.0,3.0,1784.0
2023-12-02 02:50:00,1.0,1.0,1.0,0.0,3.0,1784.0
2023-12-02 02:55:00,1.0,1.0,1.0,0.0,3.0,1784.0
2023-12-02 03:00:00,1.0,1.0,1.0,0.0,3.0,1784.0
2023-12-02 03:05:00,1.0,1.0,1.0,1.0,3.0,1784.0
2023-12-02 03:10:00,1.0,1.0,1.0,0.0,2.0,1783.0
2023-12-02 03:15:00,1.0,1.0,1.0,0.0,3.0,1783.0
2023-12-02 03:20:00,1.0,1.0,1.0,0.0,3.0,1783.0
2023-12-02 03:25:00,1.0,1.0,1.0,1.0,3.0,1783.0
2023-12-02 03:30:00,1.0,1.0,1.0,1.0,2.0,1782.0
2023-12-02 03:35:00,1.0,1.0,1.0,0.0,1.0,1781.0
2023-12-02 03:40:00,1.0,1.0,1.0,0.0,1.0,1781.0
2023-12-02 03:45:00,1.0,1.0,1.0,0.0,1.0,1781.0
2023-12-02 03:50:00,1.0,1.0,1.0,0.0,1.0,1781.0
2023-12-02 03:55:00,1.0,1.0,1.0,0.0,1.0,1781.0
2023-12-02 04:00:00,1.0,1.0,1.0,0.0,1.0,1781.0
2023-12-02 04:05:00,1.0,1.0,1.0,0.0,2.0,1781.0
2023-12-02 04:10:00,1.0,1.0,1.0,1.0,5.0,1781.0
2023-12-02 04:15:00,1.0,1.0,1.0,0.0,4.0,1780.0
2023-12-02 04:20:00,1.0,1.0,1.0,0.0,6.0,1780.0
2023-12-02 04:25:00,1.0,1.0,1.0,0.0,9.0,1780.0
2023-12-02 04:30:00,1.0,1.0,1.0,0.0,11.0,1781.0
2023-12-02 04:35:00,1.0,1.0,1.0,0.0,13.0,1781.0
2023-12-02 04:40:00,1.0,1.0,1.0,0.0,13.0,1781.0
2023-12-02 04:45:00,1.0,1.0,1.0,0.0,13.0,1781.0
2023-12-02 04:50:00,1.0,1.0,1.0,0.0,13.0,1781.0
2023-12-02 04:55:00,1.0,1.0,1.0,0.0,15.0,1782.0
2023-12-02 05:00:00,1.0,1.0,1.0,1.0,16.0,1783.0
2023-12-02 05:05:00,1.0,1.0,1.0,3.0,16.0,1784.0
2023-12-02 05:10:00,3.0,1.0,1.0,0.0,14.0,1782.0
2023-12-02 05:15:00,1.0,3.0,1.0,2.0,15.0,1786.0
2023-12-02 05:20:00,2.0,1.0,3.0,3.0,13.0,1784.0
2023-12-02 05:25:00,3.0,2.0,1.0,2.0,14.0,1783.0
2023-12-02 05:30:00,2.0,3.0,2.0,2.0,14.0,1781.0
2023-12-02 05:35:00,2.0,2.0,3.0,0.0,15.0,1782.0
2023-12-02 05:40:00,1.0,2.0,2.0,0.0,16.0,1782.0
2023-12-02 05:45:00,1.0,1.0,2.0,0.0,22.0,1784.0
2023-12-02 05:50:00,1.0,1.0,1.0,2.0,28.0,1785.0
2023-12-02 05:55:00,2.0,1.0,1.0,1.0,32.0,1785.0
2023-12-02 06:00:00,1.0,2.0,1.0,1.0,39.0,1786.0
2023-12-02 06:05:00,1.0,1.0,2.0,1.0,49.0,1787.0
2023-12-02 06:10:00,1.0,1.0,1.0,1.0,54.0,1787.0
2023-12-02 06:15:00,1.0,1.0,1.0,0.0,65.0,1787.0
2023-12-02 06:20:00,1.0,1.0,1.0,4.0,74.0,1787.0
2023-12-02 06:25:00,4.0,1.0,1.0,2.0,76.0,1787.0
2023-12-02 06:30:00,2.0,4.0,1.0,3.0,84.0,1787.0
2023-12-02 06:35:00,3.0,2.0,4.0,1.0,90.0,1790.0
2023-12-02 06:40:00,1.0,3.0,2.0,6.0,97.0,1794.0
2023-12-02 06:45:00,6.0,1.0,3.0,6.0,103.0,1791.0
2023-12-02 06:50:00,6.0,6.0,1.0,6.0,106.0,1795.0
2023-12-02 06:55:00,6.0,6.0,6.0,8.0,111.0,1791.0
2023-12-02 07:00:00,8.0,6.0,6.0,11.0,112.0,1785.0
2023-12-02 07:05:00,11.0,8.0,6.0,6.0,112.0,1780.0
2023-12-02 07:10:00,6.0,11.0,8.0,12.0,111.0,1780.0
2023-12-02 07:15:00,12.0,6.0,11.0,9.0,106.0,1772.0
2023-12-02 07:20:00,9.0,12.0,6.0,6.0,109.0,1771.0
2023-12-02 07:25:00,6.0,9.0,12.0,10.0,110.0,1772.0
2023-12-02 07:30:00,10.0,6.0,9.0,9.0,107.0,1766.0
2023-12-02 07:35:00,9.0,10.0,6.0,8.0,106.0,1769.0
2023-12-02 07:40:00,8.0,9.0,10.0,12.0,107.0,1767.0
2023-12-02 07:45:00,12.0,8.0,9.0,9.0,103.0,1765.0
2023-12-02 07:50:00,9.0,12.0,8.0,11.0,103.0,1763.0
2023-12-02 07:55:00,11.0,9.0,12.0,9.0,100.0,1768.0
2023-12-02 08:00:00,9.0,11.0,9.0,11.0,102.0,1772.0
2023-12-02 08:05:00,11.0,9.0,11.0,5.0,105.0,1769.0
2023-12-02 08:10:00,5.0,11.0,9.0,7.0,112.0,1777.0
2023-12-02 08:15:00,7.0,5.0,11.0,12.0,119.0,1777.0
2023-12-02 08:20:00,12.0,7.0,5.0,7.0,120.0,1775.0
2023-12-02 08:25:00,7.0,12.0,7.0,7.0,133.0,1772.0
2023-12-02 08:30:00,7.0,7.0,12.0,8.0,144.0,1776.0
2023-12-02 08:35:00,8.0,7.0,7.0,9.0,146.0,1775.0
2023-12-02 08:40:00,9.0,8.0,7.0,8.0,154.0,1779.0
2023-12-02 08:45:00,8.0,9.0,8.0,9.0,162.0,1782.0
2023-12-02 08:50:00,9.0,8.0,9.0,8.0,161.0,1785.0
2023-12-02 08:55:00,8.0,9.0,8.0,11.0,166.0,1796.0
2023-12-02 09:00:00,11.0,8.0,9.0,14.0,159.0,1793.0
2023-12-02 09:05:00,14.0,11.0,8.0,12.0,158.0,1788.0
2023-12-02 09:10:00,12.0,14.0,11.0,14.0,158.0,1781.0
2023-12-02 09:15:00,14.0,12.0,14.0,13.0,154.0,1773.0
2023-12-02 09:20:00,13.0,14.0,12.0,20.0,157.0,1771.0
2023-12-02 09:25:00,20.0,13.0,14.0,18.0,149.0,1768.0
2023-12-02 09:30:00,18.0,20.0,13.0,10.0,143.0,1758.0
2023-12-02 09:35:00,10.0,18.0,20.0,17.0,148.0,1761.0
2023-12-02 09:40:00,17.0,10.0,18.0,16.0,144.0,1756.0
2023-12-02 09:45:00,16.0,17.0,10.0,8.0,145.0,1758.0
2023-12-02 09:50:00,8.0,16.0,17.0,13.0,154.0,1767.0
2023-12-02 09:55:00,13.0,8.0,16.0,4.0,158.0,1767.0
2023-12-02 10:00:00,4.0,13.0,8.0,13.0,170.0,1778.0
2023-12-02 10:05:00,13.0,4.0,13.0,12.0,173.0,1777.0
2023-12-02 10:10:00,12.0,13.0,4.0,10.0,172.0,1773.0
2023-12-02 10:15:00,10.0,12.0,13.0,16.0,177.0,1775.0
2023-12-02 10:20:00,16.0,10.0,12.0,12.0,172.0,1773.0
2023-12-02 10:25:00,12.0,16.0,10.0,12.0,172.0,1783.0
2023-12-02 10:30:00,12.0,12.0,16.0,15.0,174.0,1780.0
2023-12-02 10:35:00,15.0,12.0,12.0,13.0,172.0,1778.0
2023-12-02 10:40:00,13.0,15.0,12.0,17.0,167.0,1780.0
2023-12-02 10:45:00,17.0,13.0,15.0,17.0,159.0,1777.0
2023-12-02 10:50:00,17.0,17.0,13.0,17.0,154.0,1773.0
2023-12-02 10:55:00,17.0,17.0,17.0,16.0,144.0,1765.0
2023-12-02 11:00:00,16.0,17.0,17.0,16.0,136.0,1762.0
2023-12-02 11:05:00,16.0,16.0,17.0,11.0,135.0,1758.0
2023-12-02 11:10:00,11.0,16.0,16.0,15.0,140.0,1759.0
2023-12-02 11:15:00,15.0,11.0,16.0,11.0,138.0,1749.0
2023-12-02 11:20:00,11.0,15.0,11.0,12.0,134.0,1746.0
2023-12-02 11:25:00,12.0,11.0,15.0,14.0,135.0,1746.0
2023-12-02 11:30:00,14.0,12.0,11.0,13.0,128.0,1741.0
2023-12-02 11:35:00,13.0,14.0,12.0,8.0,123.0,1741.0
2023-12-02 11:40:00,8.0,13.0,14.0,9.0,124.0,1738.0
2023-12-02 11:45:00,9.0,8.0,13.0,12.0,124.0,1741.0
2023-12-02 11:50:00,12.0,9.0,8.0,7.0,130.0,1741.0
2023-12-02 11:55:00,7.0,12.0,9.0,8.0,136.0,1742.0
2023-12-02 12:00:00,8.0,7.0,12.0,15.0,133.0,1742.0
2023-12-02 12:05:00,15.0,8.0,7.0,16.0,136.0,1743.0
2023-12-02 12:10:00,16.0,15.0,8.0,13.0,124.0,1735.0
2023-12-02 12:15:00,13.0,16.0,15.0,7.0,120.0,1736.0
2023-12-02 12:20:00,7.0,13.0,16.0,13.0,119.0,1736.0
2023-12-02 12:25:00,13.0,7.0,13.0,7.0,116.0,1729.0
2023-12-02 12:30:00,7.0,13.0,7.0,8.0,124.0,1727.0
2023-12-02 12:35:00,8.0,7.0,13.0,9.0,131.0,1729.0
2023-12-02 12:40:00,9.0,8.0,7.0,9.0,131.0,1732.0
2023-12-02 12:45:00,9.0,9.0,8.0,18.0,133.0,1729.0
2023-12-02 12:50:00,18.0,9.0,9.0,13.0,125.0,1724.0
2023-12-02 12:55:00,13.0,18.0,9.0,5.0,119.0,1716.0
2023-12-02 13:00:00,5.0,13.0,18.0,18.0,128.0,1717.0
2023-12-02 13:05:00,18.0,5.0,13.0,4.0,124.0,1707.0
2023-12-02 13:10:00,4.0,18.0,5.0,9.0,126.0,1716.0
2023-12-02 13:15:00,9.0,4.0,18.0,6.0,123.0,1716.0
2023-12-02 13:20:00,6.0,9.0,4.0,10.0,131.0,1720.0
2023-12-02 13:25:00,10.0,6.0,9.0,15.0,131.0,1722.0
2023-12-02 13:30:00,15.0,10.0,6.0,15.0,124.0,1713.0
2023-12-02 13:35:00,15.0,15.0,10.0,9.0,119.0,1712.0
2023-12-02 13:40:00,9.0,15.0,15.0,11.0,122.0,1711.0
2023-12-02 13:45:00,11.0,9.0,15.0,10.0,121.0,1718.0
2023-12-02 13:50:00,10.0,11.0,9.0,7.0,130.0,1717.0
2023-12-02 13:55:00,7.0,10.0,11.0,14.0,133.0,1723.0
2023-12-02 14:00:00,14.0,7.0,10.0,14.0,124.0,1717.0
2023-12-02 14:05:00,14.0,14.0,7.0,6.0,117.0,1716.0
2023-12-02 14:10:00,6.0,14.0,14.0,6.0,119.0,1718.0
2023-12-02 14:15:00,6.0,6.0,14.0,14.0,117.0,1720.0
2023-12-02 14:20:00,14.0,6.0,6.0,10.0,112.0,1720.0
2023-12-02 14:25:00,10.0,14.0,6.0,8.0,120.0,1719.0
2023-12-02 14:30:00,8.0,10.0,14.0,10.0,123.0,1734.0
2023-12-02 14:35:00,10.0,8.0,10.0,12.0,125.0,1731.0
2023-12-02 14:40:00,12.0,10.0,8.0,10.0,121.0,1735.0
2023-12-02 14:45:00,10.0,12.0,10.0,19.0,126.0,1733.0
2023-12-02 14:50:00,19.0,10.0,12.0,10.0,121.0,1726.0
2023-12-02 14:55:00,10.0,19.0,10.0,5.0,124.0,1724.0
2023-12-02 15:00:00,5.0,10.0,19.0,7.0,125.0,1729.0
2023-12-02 15:05:00,7.0,5.0,10.0,8.0,126.0,1732.0
2023-12-02 15:10:00,8.0,7.0,5.0,4.0,129.0,1735.0
2023-12-02 15:15:00,4.0,8.0,7.0,9.0,133.0,1738.0
2023-12-02 15:20:00,9.0,4.0,8.0,18.0,135.0,1740.0
2023-12-02 15:25:00,18.0,9.0,4.0,11.0,125.0,1730.0
2023-12-02 15:30:00,11.0,18.0,9.0,12.0,122.0,1729.0
2023-12-02 15:35:00,12.0,11.0,18.0,8.0,122.0,1734.0
2023-12-02 15:40:00,8.0,12.0,11.0,15.0,122.0,1732.0
2023-12-02 15:45:00,15.0,8.0,12.0,14.0,117.0,1736.0
2023-12-02 15:50:00,14.0,15.0,8.0,13.0,112.0,1733.0
2023-12-02 15:55:00,13.0,14.0,15.0,6.0,106.0,1730.0
2023-12-02 16:00:00,6.0,13.0,14.0,8.0,113.0,1737.0
2023-12-02 16:05:00,8.0,6.0,13.0,11.0,116.0,1737.0
2023-12-02 16:10:00,11.0,8.0,6.0,8.0,123.0,1738.0
2023-12-02 16:15:00,8.0,11.0,8.0,11.0,123.0,1741.0
2023-12-02 16:20:00,11.0,8.0,11.0,8.0,123.0,1752.0
2023-12-02 16:25:00,8.0,11.0,8.0,8.0,123.0,1752.0
2023-12-02 16:30:00,8.0,8.0,11.0,12.0,125.0,1755.0
2023-12-02 16:35:00,12.0,8.0,8.0,8.0,128.0,1757.0
2023-12-02 16:40:00,8.0,12.0,8.0,10.0,130.0,1760.0
2023-12-02 16:45:00,10.0,8.0,12.0,9.0,134.0,1761.0
2023-12-02 16:50:00,9.0,10.0,8.0,7.0,133.0,1759.0
2023-12-02 16:55:00,7.0,9.0,10.0,13.0,138.0,1766.0
2023-12-02 17:00:00,13.0,7.0,9.0,11.0,134.0,1757.0
2023-12-02 17:05:00,11.0,13.0,7.0,18.0,133.0,1756.0
2023-12-02 17:10:00,18.0,11.0,13.0,8.0,122.0,1752.0
2023-12-02 17:15:00,8.0,18.0,11.0,11.0,121.0,1764.0
2023-12-02 17:20:00,11.0,8.0,18.0,8.0,115.0,1764.0
2023-12-02 17:25:00,8.0,11.0,8.0,10.0,116.0,1763.0
2023-12-02 17:30:00,10.0,8.0,11.0,15.0,117.0,1764.0
2023-12-02 17:35:00,15.0,10.0,8.0,10.0,111.0,1761.0
2023-12-02 17:40:00,10.0,15.0,10.0,14.0,108.0,1755.0
2023-12-02 17:45:00,14.0,10.0,15.0,8.0,100.0,1751.0
2023-12-02 17:50:00,8.0,14.0,10.0,12.0,101.0,1751.0
2023-12-02 17:55:00,12.0,8.0,14.0,9.0,99.0,1751.0
2023-12-02 18:00:00,9.0,12.0,8.0,10.0,98.0,1750.0
2023-12-02 18:05:00,10.0,9.0,12.0,7.0,96.0,1749.0
2023-12-02 18:10:00,7.0,10.0,9.0,7.0,92.0,1749.0
2023-12-02 18:15:00,7.0,7.0,10.0,5.0,91.0,1746.0
2023-12-02 18:20:00,5.0,7.0,7.0,9.0,91.0,1744.0
2023-12-02 18:25:00,9.0,5.0,7.0,11.0,88.0,1747.0
2023-12-02 18:30:00,11.0,9.0,5.0,9.0,78.0,1740.0
2023-12-02 18:35:00,9.0,11.0,9.0,7.0,75.0,1735.0
2023-12-02 18:40:00,7.0,9.0,11.0,6.0,74.0,1735.0
2023-12-02 18:45:00,6.0,7.0,9.0,9.0,70.0,1733.0
2023-12-02 18:50:00,9.0,6.0,7.0,10.0,64.0,1730.0
2023-12-02 18:55:00,10.0,9.0,6.0,8.0,59.0,1724.0
2023-12-02 19:00:00,8.0,10.0,9.0,8.0,52.0,1724.0
2023-12-02 19:05:00,8.0,8.0,10.0,3.0,50.0,1725.0
2023-12-02 19:10:00,3.0,8.0,8.0,6.0,52.0,1729.0
2023-12-02 19:15:00,6.0,3.0,8.0,5.0,52.0,1728.0
2023-12-02 19:20:00,5.0,6.0,3.0,6.0,50.0,1726.0
2023-12-02 19:25:00,6.0,5.0,6.0,1.0,50.0,1724.0
2023-12-02 19:30:00,1.0,6.0,5.0,6.0,50.0,1727.0
2023-12-02 19:35:00,6.0,1.0,6.0,6.0,47.0,1725.0
2023-12-02 19:40:00,6.0,6.0,1.0,2.0,44.0,1720.0
2023-12-02 19:45:00,2.0,6.0,6.0,3.0,44.0,1723.0
2023-12-02 19:50:00,3.0,2.0,6.0,5.0,47.0,1722.0
2023-12-02 19:55:00,5.0,3.0,2.0,1.0,48.0,1720.0
2023-12-02 20:00:00,1.0,5.0,3.0,6.0,55.0,1723.0
2023-12-02 20:05:00,6.0,1.0,5.0,5.0,52.0,1722.0
2023-12-02 20:10:00,5.0,6.0,1.0,6.0,51.0,1721.0
2023-12-02 20:15:00,6.0,5.0,6.0,3.0,49.0,1717.0
2023-12-02 20:20:00,3.0,6.0,5.0,6.0,49.0,1716.0
2023-12-02 20:25:00,6.0,3.0,6.0,1.0,48.0,1713.0
2023-12-02 20:30:00,1.0,6.0,3.0,3.0,50.0,1716.0
2023-12-02 20:35:00,3.0,1.0,6.0,3.0,52.0,1719.0
2023-12-02 20:40:00,3.0,3.0,1.0,2.0,51.0,1720.0
2023-12-02 20:45:00,2.0,3.0,3.0,6.0,52.0,1719.0
2023-12-02 20:50:00,6.0,2.0,3.0,6.0,46.0,1714.0
2023-12-02 20:55:00,6.0,6.0,2.0,8.0,44.0,1711.0
2023-12-02 21:00:00,8.0,6.0,6.0,3.0,37.0,1704.0
2023-12-02 21:05:00,3.0,8.0,6.0,4.0,34.0,1703.0
2023-12-02 21:10:00,4.0,3.0,8.0,4.0,31.0,1701.0
2023-12-02 21:15:00,4.0,4.0,3.0,3.0,27.0,1700.0
2023-12-02 21:20:00,3.0,4.0,4.0,5.0,25.0,1700.0
2023-12-02 21:25:00,5.0,3.0,4.0,3.0,23.0,1698.0
2023-12-02 21:30:00,3.0,5.0,3.0,5.0,20.0,1695.0
2023-12-02 21:35:00,5.0,3.0,5.0,2.0,18.0,1694.0
2023-12-02 21:40:00,2.0,5.0,3.0,3.0,17.0,1693.0
2023-12-02 21:45:00,3.0,2.0,5.0,0.0,14.0,1692.0
2023-12-02 21:50:00,1.0,3.0,2.0,4.0,16.0,1692.0
2023-12-02 21:55:00,4.0,1.0,3.0,1.0,14.0,1688.0
2023-12-02 22:00:00,1.0,4.0,1.0,0.0,13.0,1688.0
2023-12-02 22:05:00,1.0,1.0,4.0,1.0,14.0,1688.0
2023-12-02 22:10:00,1.0,1.0,1.0,0.0,15.0,1688.0
2023-12-02 22:15:00,1.0,1.0,1.0,1.0,15.0,1690.0
2023-12-02 22:20:00,1.0,1.0,1.0,3.0,15.0,1690.0
2023-12-02 22:25:00,3.0,1.0,1.0,0.0,13.0,1688.0
2023-12-02 22:30:00,1.0,3.0,1.0,3.0,13.0,1689.0
2023-12-02 22:35:00,3.0,1.0,3.0,1.0,11.0,1686.0
2023-12-02 22:40:00,1.0,3.0,1.0,0.0,12.0,1685.0
2023-12-02 22:45:00,1.0,1.0,3.0,2.0,14.0,1688.0
2023-12-02 22:50:00,2.0,1.0,1.0,2.0,13.0,1686.0
2023-12-02 22:55:00,2.0,2.0,1.0,0.0,13.0,1685.0
2023-12-02 23:00:00,1.0,2.0,2.0,1.0,13.0,1688.0
2023-12-02 23:05:00,1.0,1.0,2.0,2.0,13.0,1690.0
2023-12-02 23:10:00,2.0,1.0,1.0,0.0,13.0,1689.0
2023-12-02 23:15:00,1.0,2.0,1.0,1.0,14.0,1689.0
2023-12-02 23:20:00,1.0,1.0,2.0,1.0,15.0,1691.0
2023-12-02 23:25:00,1.0,1.0,1.0,0.0,14.0,1694.0
2023-12-02 23:30:00,1.0,1.0,1.0,1.0,15.0,1695.0
2023-12-02 23:35:00,1.0,1.0,1.0,2.0,15.0,1695.0
2023-12-02 23:40:00,2.0,1.0,1.0,2.0,14.0,1694.0
2023-12-02 23:45:00,2.0,2.0,1.0,1.0,12.0,1693.0
2023-12-02 23:50:00,1.0,2.0,2.0,2.0,11.0,1695.0
2023-12-02 23:55:00,2.0,1.0,2.0,0.0,10.0,1693.0
2023-12-03 00:00:00,1.0,2.0,1.0,1.0,12.0,1693.0
2023-12-03 00:05:00,1.0,1.0,2.0,2.0,12.0,1693.0
2023-12-03 00:10:00,2.0,1.0,1.0,1.0,10.0,1692.0
2023-12-03 00:15:00,1.0,2.0,1.0,2.0,10.0,1692.0
2023-12-03 00:20:00,2.0,1.0,2.0,0.0,8.0,1691.0
2023-12-03 00:25:00,1.0,2.0,1.0,1.0,9.0,1691.0
2023-12-03 00:30:00,1.0,1.0,2.0,1.0,10.0,1691.0
2023-12-03 00:35:00,1.0,1.0,1.0,1.0,9.0,1692.0
2023-12-03 00:40:00,1.0,1.0,1.0,0.0,8.0,1692.0
2023-12-03 00:45:00,1.0,1.0,1.0,0.0,8.0,1692.0
2023-12-03 00:50:00,1.0,1.0,1.0,1.0,8.0,1692.0
2023-12-03 00:55:00,1.0,1.0,1.0,2.0,7.0,1691.0
2023-12-03 01:00:00,2.0,1.0,1.0,1.0,5.0,1690.0
2023-12-03 01:05:00,1.0,2.0,1.0,0.0,4.0,1689.0
2023-12-03 01:10:00,1.0,1.0,2.0,1.0,4.0,1690.0
2023-12-03 01:15:00,1.0,1.0,1.0,0.0,3.0,1689.0
2023-12-03 01:20:00,1.0,1.0,1.0,1.0,3.0,1689.0
2023-12-03 01:25:00,1.0,1.0,1.0,2.0,3.0,1688.0
2023-12-03 01:30:00,2.0,1.0,1.0,0.0,3.0,1686.0
2023-12-03 01:35:00,1.0,2.0,1.0,0.0,4.0,1686.0
2023-12-03 01:40:00,1.0,1.0,2.0,0.0,4.0,1686.0
2023-12-03 01:45:00,1.0,1.0,1.0,0.0,4.0,1686.0
2023-12-03 01:50:00,1.0,1.0,1.0,0.0,4.0,1686.0
2023-12-03 01:55:00,1.0,1.0,1.0,0.0,4.0,1686.0
2023-12-03 02:00:00,1.0,1.0,1.0,0.0,4.0,1687.0
2023-12-03 02:05:00,1.0,1.0,1.0,0.0,4.0,1687.0
2023-12-03 02:10:00,1.0,1.0,1.0,0.0,4.0,1688.0
2023-12-03 02:15:00,1.0,1.0,1.0,0.0,4.0,1688.0
2023-12-03 02:20:00,1.0,1.0,1.0,1.0,4.0,1688.0
2023-12-03 02:25:00,1.0,1.0,1.0,2.0,3.0,1687.0
2023-12-03 02:30:00,2.0,1.0,1.0,1.0,1.0,1685.0
2023-12-03 02:35:00,1.0,2.0,1.0,0.0,0.0,1685.0
2023-12-03 02:40:00,1.0,1.0,2.0,0.0,0.0,1685.0
2023-12-03 02:45:00,1.0,1.0,1.0,0.0,0.0,1685.0
2023-12-03 02:50:00,1.0,1.0,1.0,0.0,0.0,1685.0
2023-12-03 02:55:00,1.0,1.0,1.0,0.0,0.0,1686.0
2023-12-03 03:00:00,1.0,1.0,1.0,0.0,0.0,1687.0
2023-12-03 03:05:00,1.0,1.0,1.0,0.0,0.0,1687.0
2023-12-03 03:10:00,1.0,1.0,1.0,0.0,0.0,1687.0
2023-12-03 03:15:00,1.0,1.0,1.0,0.0,0.0,1688.0
2023-12-03 03:20:00,1.0,1.0,1.0,0.0,0.0,1688.0
2023-12-03 03:25:00,1.0,1.0,1.0,0.0,0.0,1688.0
2023-12-03 03:30:00,1.0,1.0,1.0,0.0,1.0,1688.0
2023-12-03 03:35:00,1.0,1.0,1.0,0.0,1.0,1688.0
2023-12-03 03:40:00,1.0,1.0,1.0,0.0,1.0,1688.0
2023-12-03 03:45:00,1.0,1.0,1.0,0.0,1.0,1688.0
2023-12-03 03:50:00,1.0,1.0,1.0,0.0,1.0,1688.0
2023-12-03 03:55:00,1.0,1.0,1.0,0.0,2.0,1688.0
2023-12-03 04:00:00,1.0,1.0,1.0,0.0,3.0,1688.0
2023-12-03 04:05:00,1.0,1.0,1.0,0.0,5.0,1689.0
2023-12-03 04:10:00,1.0,1.0,1.0,0.0,6.0,1690.0
2023-12-03 04:15:00,1.0,1.0,1.0,0.0,10.0,1690.0
2023-12-03 04:20:00,1.0,1.0,1.0,0.0,10.0,1691.0
2023-12-03 04:25:00,1.0,1.0,1.0,1.0,12.0,1691.0
2023-12-03 04:30:00,1.0,1.0,1.0,0.0,11.0,1690.0
2023-12-03 04:35:00,1.0,1.0,1.0,0.0,14.0,1690.0
2023-12-03 04:40:00,1.0,1.0,1.0,0.0,14.0,1691.0
2023-12-03 04:45:00,1.0,1.0,1.0,0.0,16.0,1692.0
2023-12-03 04:50:00,1.0,1.0,1.0,1.0,17.0,1692.0
2023-12-03 04:55:00,1.0,1.0,1.0,1.0,18.0,1691.0
2023-12-03 05:00:00,1.0,1.0,1.0,2.0,19.0,1690.0
2023-12-03 05:05:00,2.0,1.0,1.0,1.0,19.0,1689.0
2023-12-03 05:10:00,1.0,2.0,1.0,4.0,19.0,1690.0
2023-12-03 05:15:00,4.0,1.0,2.0,0.0,16.0,1687.0
2023-12-03 05:20:00,1.0,4.0,1.0,2.0,16.0,1688.0
2023-12-03 05:25:00,2.0,1.0,4.0,0.0,18.0,1687.0
2023-12-03 05:30:00,1.0,2.0,1.0,3.0,20.0,1687.0
2023-12-03 05:35:00,3.0,1.0,2.0,0.0,23.0,1688.0
2023-12-03 05:40:00,1.0,3.0,1.0,2.0,28.0,1690.0
2023-12-03 05:45:00,2.0,1.0,3.0,1.0,29.0,1690.0
2023-12-03 05:50:00,1.0,2.0,1.0,2.0,38.0,1691.0
2023-12-03 05:55:00,2.0,1.0,2.0,2.0,38.0,1693.0
2023-12-03 06:00:00,2.0,2.0,1.0,2.0,38.0,1693.0
2023-12-03 06:05:00,2.0,2.0,2.0,1.0,42.0,1693.0
2023-12-03 06:10:00,1.0,2.0,2.0,1.0,47.0,1695.0
2023-12-03 06:15:00,1.0,1.0,2.0,0.0,50.0,1695.0
2023-12-03 06:20:00,1.0,1.0,1.0,4.0,58.0,1696.0
2023-12-03 06:25:00,4.0,1.0,1.0,2.0,61.0,1699.0
2023-12-03 06:30:00,2.0,4.0,1.0,6.0,63.0,1698.0
2023-12-03 06:35:00,6.0,2.0,4.0,5.0,69.0,1697.0
2023-12-03 06:40:00,5.0,6.0,2.0,3.0,70.0,1694.0
2023-12-03 06:45:00,3.0,5.0,6.0,10.0,77.0,1693.0
2023-12-03 06:50:00,10.0,3.0,5.0,2.0,74.0,1694.0
2023-12-03 06:55:00,2.0,10.0,3.0,2.0,88.0,1696.0
2023-12-03 07:00:00,2.0,2.0,10.0,6.0,99.0,1702.0
2023-12-03 07:05:00,6.0,2.0,2.0,6.0,101.0,1701.0
2023-12-03 07:10:00,6.0,6.0,2.0,4.0,108.0,1701.0
2023-12-03 07:15:00,4.0,6.0,6.0,8.0,111.0,1706.0
2023-12-03 07:20:00,8.0,4.0,6.0,7.0,113.0,1709.0
2023-12-03 07:25:00,7.0,8.0,4.0,4.0,110.0,1710.0
2023-12-03 07:30:00,4.0,7.0,8.0,12.0,117.0,1721.0
2023-12-03 07:35:00,12.0,4.0,7.0,6.0,112.0,1719.0
2023-12-03 07:40:00,6.0,12.0,4.0,10.0,119.0,1717.0
2023-12-03 07:45:00,10.0,6.0,12.0,7.0,120.0,1723.0
2023-12-03 07:50:00,7.0,10.0,6.0,16.0,125.0,1731.0
2023-12-03 07:55:00,16.0,7.0,10.0,13.0,128.0,1729.0
2023-12-03 08:00:00,13.0,16.0,7.0,8.0,123.0,1725.0
2023-12-03 08:05:00,8.0,13.0,16.0,13.0,124.0,1731.0
2023-12-03 08:10:00,13.0,8.0,13.0,7.0,116.0,1731.0
2023-12-03 08:15:00,7.0,13.0,8.0,10.0,115.0,1736.0
2023-12-03 08:20:00,10.0,7.0,13.0,4.0,116.0,1738.0
2023-12-03 08:25:00,4.0,10.0,7.0,11.0,129.0,1747.0
2023-12-03 08:30:00,11.0,4.0,10.0,7.0,126.0,1755.0
2023-12-03 08:35:00,7.0,11.0,4.0,13.0,132.0,1760.0
2023-12-03 08:40:00,13.0,7.0,11.0,11.0,131.0,1755.0
2023-12-03 08:45:00,11.0,13.0,7.0,12.0,138.0,1752.0
2023-12-03 08:50:00,12.0,11.0,13.0,19.0,143.0,1758.0
2023-12-03 08:55:00,19.0,12.0,11.0,8.0,137.0,1756.0
2023-12-03 09:00:00,8.0,19.0,12.0,9.0,144.0,1759.0
2023-12-03 09:05:00,9.0,8.0,19.0,5.0,147.0,1766.0
2023-12-03 09:10:00,5.0,9.0,8.0,6.0,150.0,1774.0
2023-12-03 09:15:00,6.0,5.0,9.0,11.0,156.0,1779.0
2023-12-03 09:20:00,11.0,6.0,5.0,17.0,159.0,1776.0
2023-12-03 09:25:00,17.0,11.0,6.0,8.0,164.0,1769.0
2023-12-03 09:30:00,8.0,17.0,11.0,13.0,165.0,1769.0
2023-12-03 09:35:00,13.0,8.0,17.0,12.0,165.0,1774.0
2023-12-03 09:40:00,12.0,13.0,8.0,18.0,168.0,1774.0
2023-12-03 09:45:00,18.0,12.0,13.0,17.0,164.0,1768.0
2023-12-03 09:50:00,17.0,18.0,12.0,13.0,160.0,1758.0
2023-12-03 09:55:00,13.0,17.0,18.0,15.0,156.0,1761.0
2023-12-03 10:00:00,15.0,13.0,17.0,12.0,154.0,1756.0
2023-12-03 10:05:00,12.0,15.0,13.0,8.0,154.0,1761.0
2023-12-03 10:10:00,8.0,12.0,15.0,12.0,158.0,1771.0
2023-12-03 10:15:00,12.0,8.0,12.0,14.0,151.0,1770.0
2023-12-03 10:20:00,14.0,12.0,8.0,22.0,145.0,1767.0
2023-12-03 10:25:00,22.0,14.0,12.0,9.0,135.0,1753.0
2023-12-03 10:30:00,9.0,22.0,14.0,13.0,135.0,1758.0
2023-12-03 10:35:00,13.0,9.0,22.0,15.0,135.0,1761.0
2023-12-03 10:40:00,15.0,13.0,9.0,14.0,125.0,1756.0
2023-12-03 10:45:00,14.0,15.0,13.0,13.0,123.0,1749.0
2023-12-03 10:50:00,13.0,14.0,15.0,9.0,122.0,1749.0
2023-12-03 10:55:00,9.0,13.0,14.0,13.0,121.0,1749.0
2023-12-03 11:00:00,13.0,9.0,13.0,12.0,116.0,1747.0
2023-12-03 11:05:00,12.0,13.0,9.0,12.0,120.0,1745.0
2023-12-03 11:10:00,12.0,12.0,13.0,5.0,116.0,1744.0
2023-12-03 11:15:00,5.0,12.0,12.0,8.0,125.0,1751.0
2023-12-03 11:20:00,8.0,5.0,12.0,12.0,124.0,1754.0
2023-12-03 11:25:00,12.0,8.0,5.0,9.0,118.0,1754.0
2023-12-03 11:30:00,9.0,12.0,8.0,13.0,114.0,1752.0
2023-12-03 11:35:00,13.0,9.0,12.0,5.0,111.0,1755.0
2023-12-03 11:40:00,5.0,13.0,9.0,12.0,118.0,1757.0
2023-12-03 11:45:00,12.0,5.0,13.0,12.0,112.0,1753.0
2023-12-03 11:50:00,12.0,12.0,5.0,8.0,113.0,1749.0
2023-12-03 11:55:00,8.0,12.0,12.0,8.0,110.0,1745.0
2023-12-03 12:00:00,8.0,8.0,12.0,16.0,108.0,1746.0
2023-12-03 12:05:00,16.0,8.0,8.0,8.0,100.0,1736.0
2023-12-03 12:10:00,8.0,16.0,8.0,14.0,105.0,1744.0
2023-12-03 12:15:00,14.0,8.0,16.0,7.0,100.0,1737.0
2023-12-03 12:20:00,7.0,14.0,8.0,6.0,103.0,1737.0
2023-12-03 12:25:00,6.0,7.0,14.0,5.0,109.0,1741.0
2023-12-03 12:30:00,5.0,6.0,7.0,10.0,110.0,1755.0
2023-12-03 12:35:00,10.0,5.0,6.0,12.0,114.0,1758.0
2023-12-03 12:40:00,12.0,10.0,5.0,6.0,110.0,1754.0
2023-12-03 12:45:00,6.0,12.0,10.0,13.0,122.0,1757.0
2023-12-03 12:50:00,13.0,6.0,12.0,5.0,118.0,1754.0
2023-12-03 12:55:00,5.0,13.0,6.0,6.0,126.0,1758.0
2023-12-03 13:00:00,6.0,5.0,13.0,8.0,128.0,1763.0
2023-12-03 13:05:00,8.0,6.0,5.0,13.0,133.0,1761.0
2023-12-03 13:10:00,13.0,8.0,6.0,9.0,128.0,1761.0
2023-12-03 13:15:00,9.0,13.0,8.0,10.0,127.0,1757.0
2023-12-03 13:20:00,10.0,9.0,13.0,12.0,131.0,1754.0
2023-12-03 13:25:00,12.0,10.0,9.0,6.0,128.0,1753.0
2023-12-03 13:30:00,6.0,12.0,10.0,14.0,145.0,1753.0
2023-12-03 13:35:00,14.0,6.0,12.0,8.0,138.0,1749.0
2023-12-03 13:40:00,8.0,14.0,6.0,18.0,146.0,1752.0
2023-12-03 13:45:00,18.0,8.0,14.0,9.0,136.0,1744.0
2023-12-03 13:50:00,9.0,18.0,8.0,13.0,139.0,1743.0
2023-12-03 13:55:00,13.0,9.0,18.0,8.0,134.0,1742.0
2023-12-03 14:00:00,8.0,13.0,9.0,13.0,136.0,1743.0
2023-12-03 14:05:00,13.0,8.0,13.0,8.0,133.0,1740.0
2023-12-03 14:10:00,8.0,13.0,8.0,8.0,136.0,1743.0
2023-12-03 14:15:00,8.0,8.0,13.0,14.0,135.0,1744.0
2023-12-03 14:20:00,14.0,8.0,8.0,9.0,132.0,1740.0
2023-12-03 14:25:00,9.0,14.0,8.0,23.0,131.0,1739.0
2023-12-03 14:30:00,23.0,9.0,14.0,7.0,118.0,1727.0
2023-12-03 14:35:00,7.0,23.0,9.0,16.0,128.0,1731.0
2023-12-03 14:40:00,16.0,7.0,23.0,8.0,118.0,1731.0
2023-12-03 14:45:00,8.0,16.0,7.0,12.0,129.0,1734.0
2023-12-03 14:50:00,12.0,8.0,16.0,8.0,128.0,1734.0
2023-12-03 14:55:00,8.0,12.0,8.0,10.0,130.0,1733.0
2023-12-03 15:00:00,10.0,8.0,12.0,10.0,133.0,1743.0
2023-12-03 15:05:00,10.0,10.0,8.0,11.0,131.0,1740.0
2023-12-03 15:10:00,11.0,10.0,10.0,7.0,132.0,1739.0
2023-12-03 15:15:00,7.0,11.0,10.0,11.0,136.0,1741.0
2023-12-03 15:20:00,11.0,7.0,11.0,8.0,147.0,1742.0
2023-12-03 15:25:00,8.0,11.0,7.0,10.0,147.0,1745.0
2023-12-03 15:30:00,10.0,8.0,11.0,17.0,148.0,1739.0
2023-12-03 15:35:00,17.0,10.0,8.0,6.0,145.0,1728.0
2023-12-03 15:40:00,6.0,17.0,10.0,19.0,150.0,1736.0
2023-12-03 15:45:00,19.0,6.0,17.0,11.0,142.0,1726.0
2023-12-03 15:50:00,11.0,19.0,6.0,10.0,138.0,1723.0
2023-12-03 15:55:00,10.0,11.0,19.0,13.0,142.0,1726.0
2023-12-03 16:00:00,13.0,10.0,11.0,8.0,133.0,1719.0
2023-12-03 16:05:00,8.0,13.0,10.0,12.0,135.0,1714.0
2023-12-03 16:10:00,12.0,8.0,13.0,11.0,137.0,1710.0
2023-12-03 16:15:00,11.0,12.0,8.0,22.0,146.0,1707.0
2023-12-03 16:20:00,22.0,11.0,12.0,8.0,135.0,1692.0
2023-12-03 16:25:00,8.0,22.0,11.0,11.0,134.0,1691.0
2023-12-03 16:30:00,11.0,8.0,22.0,14.0,134.0,1689.0
2023-12-03 16:35:00,14.0,11.0,8.0,11.0,132.0,1684.0
2023-12-03 16:40:00,11.0,14.0,11.0,11.0,125.0,1687.0
2023-12-03 16:45:00,11.0,11.0,14.0,7.0,124.0,1685.0
2023-12-03 16:50:00,7.0,11.0,11.0,14.0,125.0,1691.0
2023-12-03 16:55:00,14.0,7.0,11.0,4.0,123.0,1685.0
2023-12-03 17:00:00,4.0,14.0,7.0,10.0,127.0,1693.0
2023-12-03 17:05:00,10.0,4.0,14.0,14.0,126.0,1690.0
2023-12-03 17:10:00,14.0,10.0,4.0,20.0,119.0,1688.0
2023-12-03 17:15:00,20.0,14.0,10.0,11.0,103.0,1679.0
2023-12-03 17:20:00,11.0,20.0,14.0,7.0,95.0,1681.0
2023-12-03 17:25:00,7.0,11.0,20.0,11.0,100.0,1684.0
2023-12-03 17:30:00,11.0,7.0,11.0,12.0,93.0,1681.0
2023-12-03 17:35:00,12.0,11.0,7.0,4.0,85.0,1676.0
2023-12-03 17:40:00,4.0,12.0,11.0,10.0,88.0,1682.0
2023-12-03 17:45:00,10.0,4.0,12.0,8.0,82.0,1686.0
2023-12-03 17:50:00,8.0,10.0,4.0,12.0,80.0,1691.0
2023-12-03 17:55:00,12.0,8.0,10.0,8.0,72.0,1686.0
2023-12-03 18:00:00,8.0,12.0,8.0,9.0,72.0,1683.0
2023-12-03 18:05:00,9.0,8.0,12.0,7.0,72.0,1682.0
2023-12-03 18:10:00,7.0,9.0,8.0,4.0,72.0,1686.0
2023-12-03 18:15:00,4.0,7.0,9.0,3.0,73.0,1691.0
2023-12-03 18:20:00,3.0,4.0,7.0,12.0,73.0,1697.0
2023-12-03 18:25:00,12.0,3.0,4.0,4.0,65.0,1691.0
2023-12-03 18:30:00,4.0,12.0,3.0,4.0,65.0,1694.0
2023-12-03 18:35:00,4.0,4.0,12.0,7.0,65.0,1698.0
2023-12-03 18:40:00,7.0,4.0,4.0,4.0,59.0,1696.0
2023-12-03 18:45:00,4.0,7.0,4.0,6.0,60.0,1696.0
2023-12-03 18:50:00,6.0,4.0,7.0,4.0,56.0,1695.0
2023-12-03 18:55:00,4.0,6.0,4.0,8.0,55.0,1693.0
2023-12-03 19:00:00,8.0,4.0,6.0,9.0,51.0,1686.0
2023-12-03 19:05:00,9.0,8.0,4.0,7.0,47.0,1687.0
2023-12-03 19:10:00,7.0,9.0,8.0,5.0,44.0,1688.0
2023-12-03 19:15:00,5.0,7.0,9.0,3.0,41.0,1685.0
2023-12-03 19:20:00,3.0,5.0,7.0,4.0,40.0,1688.0
2023-12-03 19:25:00,4.0,3.0,5.0,4.0,39.0,1688.0
2023-12-03 19:30:00,4.0,4.0,3.0,4.0,39.0,1687.0
2023-12-03 19:35:00,4.0,4.0,4.0,1.0,41.0,1689.0
2023-12-03 19:40:00,1.0,4.0,4.0,5.0,44.0,1688.0
2023-12-03 19:45:00,5.0,1.0,4.0,2.0,40.0,1687.0
2023-12-03 19:50:00,2.0,5.0,1.0,3.0,39.0,1690.0
2023-12-03 19:55:00,3.0,2.0,5.0,4.0,39.0,1690.0
2023-12-03 20:00:00,4.0,3.0,2.0,5.0,36.0,1689.0
2023-12-03 20:05:00,5.0,4.0,3.0,4.0,33.0,1688.0
2023-12-03 20:10:00,4.0,5.0,4.0,2.0,31.0,1685.0
2023-12-03 20:15:00,2.0,4.0,5.0,2.0,32.0,1687.0
2023-12-03 20:20:00,2.0,2.0,4.0,3.0,33.0,1689.0
2023-12-03 20:25:00,3.0,2.0,2.0,4.0,33.0,1691.0
2023-12-03 20:30:00,4.0,3.0,2.0,6.0,29.0,1695.0
2023-12-03 20:35:00,6.0,4.0,3.0,4.0,27.0,1691.0
2023-12-03 20:40:00,4.0,6.0,4.0,1.0,24.0,1689.0
2023-12-03 20:45:00,1.0,4.0,6.0,1.0,25.0,1688.0
2023-12-03 20:50:00,1.0,1.0,4.0,3.0,24.0,1691.0
2023-12-03 20:55:00,3.0,1.0,1.0,1.0,21.0,1691.0
2023-12-03 21:00:00,1.0,3.0,1.0,2.0,21.0,1692.0
2023-12-03 21:05:00,2.0,1.0,3.0,2.0,19.0,1693.0
2023-12-03 21:10:00,2.0,2.0,1.0,3.0,18.0,1695.0
2023-12-03 21:15:00,3.0,2.0,2.0,3.0,17.0,1696.0
2023-12-03 21:20:00,3.0,3.0,2.0,3.0,15.0,1694.0
2023-12-03 21:25:00,3.0,3.0,3.0,0.0,13.0,1692.0
2023-12-03 21:30:00,1.0,3.0,3.0,4.0,14.0,1696.0
2023-12-03 21:35:00,4.0,1.0,3.0,1.0,10.0,1696.0
2023-12-03 21:40:00,1.0,4.0,1.0,2.0,9.0,1696.0
2023-12-03 21:45:00,2.0,1.0,4.0,0.0,10.0,1695.0
2023-12-03 21:50:00,1.0,2.0,1.0,0.0,10.0,1697.0
2023-12-03 21:55:00,1.0,1.0,2.0,1.0,11.0,1699.0
2023-12-03 22:00:00,1.0,1.0,1.0,0.0,13.0,1700.0
2023-12-03 22:05:00,1.0,1.0,1.0,1.0,16.0,1702.0
2023-12-03 22:10:00,1.0,1.0,1.0,2.0,16.0,1702.0
2023-12-03 22:15:00,2.0,1.0,1.0,1.0,14.0,1700.0
2023-12-03 22:20:00,1.0,2.0,1.0,1.0,16.0,1701.0
2023-12-03 22:25:00,1.0,1.0,2.0,1.0,19.0,1702.0
2023-12-03 22:30:00,1.0,1.0,1.0,0.0,19.0,1703.0
2023-12-03 22:35:00,1.0,1.0,1.0,0.0,20.0,1703.0
2023-12-03 22:40:00,1.0,1.0,1.0,3.0,21.0,1705.0
2023-12-03 22:45:00,3.0,1.0,1.0,0.0,19.0,1704.0
2023-12-03 22:50:00,1.0,3.0,1.0,1.0,22.0,1705.0
2023-12-03 22:55:00,1.0,1.0,3.0,3.0,21.0,1705.0
2023-12-03 23:00:00,3.0,1.0,1.0,3.0,18.0,1704.0
2023-12-03 23:05:00,3.0,3.0,1.0,1.0,16.0,1704.0
2023-12-03 23:10:00,1.0,3.0,3.0,0.0,16.0,1705.0
2023-12-03 23:15:00,1.0,1.0,3.0,3.0,17.0,1705.0
2023-12-03 23:20:00,3.0,1.0,1.0,4.0,15.0,1703.0
2023-12-03 23:25:00,4.0,3.0,1.0,1.0,11.0,1703.0
2023-12-03 23:30:00,1.0,4.0,3.0,1.0,11.0,1702.0
2023-12-03 23:35:00,1.0,1.0,4.0,1.0,12.0,1703.0
2023-12-03 23:40:00,1.0,1.0,1.0,1.0,12.0,1702.0
2023-12-03 23:45:00,1.0,1.0,1.0,3.0,11.0,1701.0
2023-12-03 23:50:00,3.0,1.0,1.0,0.0,8.0,1699.0
2023-12-03 23:55:00,1.0,3.0,1.0,0.0,8.0,1699.0
2023-12-04 00:00:00,1.0,1.0,3.0,1.0,9.0,1699.0
2023-12-04 00:05:00,1.0,1.0,1.0,1.0,8.0,1698.0
2023-12-04 00:10:00,1.0,1.0,1.0,1.0,8.0,1698.0
2023-12-04 00:15:00,1.0,1.0,1.0,1.0,7.0,1697.0
2023-12-04 00:20:00,1.0,1.0,1.0,0.0,6.0,1696.0
2023-12-04 00:25:00,1.0,1.0,1.0,1.0,6.0,1697.0
2023-12-04 00:30:00,1.0,1.0,1.0,2.0,5.0,1696.0
2023-12-04 00:35:00,2.0,1.0,1.0,1.0,3.0,1694.0
2023-12-04 00:40:00,1.0,2.0,1.0,0.0,2.0,1693.0
2023-12-04 00:45:00,1.0,1.0,2.0,0.0,2.0,1694.0
2023-12-04 00:50:00,1.0,1.0,1.0,0.0,2.0,1695.0
2023-12-04 00:55:00,1.0,1.0,1.0,1.0,2.0,1695.0
2023-12-04 01:00:00,1.0,1.0,1.0,0.0,2.0,1696.0
2023-12-04 01:05:00,1.0,1.0,1.0,1.0,2.0,1697.0
2023-12-04 01:10:00,1.0,1.0,1.0,0.0,2.0,1696.0
2023-12-04 01:15:00,1.0,1.0,1.0,0.0,2.0,1696.0
2023-12-04 01:20:00,1.0,1.0,1.0,0.0,2.0,1696.0
2023-12-04 01:25:00,1.0,1.0,1.0,0.0,2.0,1698.0
2023-12-04 01:30:00,1.0,1.0,1.0,0.0,2.0,1698.0
2023-12-04 01:35:00,1.0,1.0,1.0,0.0,3.0,1698.0
2023-12-04 01:40:00,1.0,1.0,1.0,0.0,3.0,1698.0
2023-12-04 01:45:00,1.0,1.0,1.0,0.0,3.0,1698.0
2023-12-04 01:50:00,1.0,1.0,1.0,0.0,3.0,1698.0
2023-12-04 01:55:00,1.0,1.0,1.0,1.0,4.0,1700.0
2023-12-04 02:00:00,1.0,1.0,1.0,0.0,4.0,1699.0
2023-12-04 02:05:00,1.0,1.0,1.0,1.0,4.0,1699.0
2023-12-04 02:10:00,1.0,1.0,1.0,0.0,3.0,1699.0
2023-12-04 02:15:00,1.0,1.0,1.0,0.0,4.0,1699.0
2023-12-04 02:20:00,1.0,1.0,1.0,0.0,4.0,1699.0
2023-12-04 02:25:00,1.0,1.0,1.0,0.0,4.0,1699.0
2023-12-04 02:30:00,1.0,1.0,1.0,1.0,4.0,1699.0
2023-12-04 02:35:00,1.0,1.0,1.0,0.0,3.0,1699.0
2023-12-04 02:40:00,1.0,1.0,1.0,0.0,3.0,1700.0
2023-12-04 02:45:00,1.0,1.0,1.0,0.0,3.0,1700.0
2023-12-04 02:50:00,1.0,1.0,1.0,1.0,3.0,1700.0
2023-12-04 02:55:00,1.0,1.0,1.0,1.0,2.0,1699.0
2023-12-04 03:00:00,1.0,1.0,1.0,0.0,1.0,1698.0
2023-12-04 03:05:00,1.0,1.0,1.0,0.0,2.0,1698.0
2023-12-04 03:10:00,1.0,1.0,1.0,1.0,3.0,1698.0
2023-12-04 03:15:00,1.0,1.0,1.0,0.0,2.0,1697.0
2023-12-04 03:20:00,1.0,1.0,1.0,0.0,3.0,1697.0
2023-12-04 03:25:00,1.0,1.0,1.0,0.0,3.0,1697.0
2023-12-04 03:30:00,1.0,1.0,1.0,0.0,3.0,1698.0
2023-12-04 03:35:00,1.0,1.0,1.0,0.0,3.0,1698.0
2023-12-04 03:40:00,1.0,1.0,1.0,0.0,4.0,1698.0
2023-12-04 03:45:00,1.0,1.0,1.0,0.0,5.0,1699.0
2023-12-04 03:50:00,1.0,1.0,1.0,0.0,5.0,1700.0
2023-12-04 03:55:00,1.0,1.0,1.0,0.0,5.0,1700.0
2023-12-04 04:00:00,1.0,1.0,1.0,1.0,5.0,1700.0
2023-12-04 04:05:00,1.0,1.0,1.0,1.0,5.0,1699.0
2023-12-04 04:10:00,1.0,1.0,1.0,0.0,6.0,1699.0
2023-12-04 04:15:00,1.0,1.0,1.0,1.0,7.0,1699.0
2023-12-04 04:20:00,1.0,1.0,1.0,0.0,7.0,1700.0
2023-12-04 04:25:00,1.0,1.0,1.0,0.0,8.0,1700.0
2023-12-04 04:30:00,1.0,1.0,1.0,0.0,8.0,1701.0
2023-12-04 04:35:00,1.0,1.0,1.0,1.0,12.0,1701.0
2023-12-04 04:40:00,1.0,1.0,1.0,1.0,13.0,1701.0
2023-12-04 04:45:00,1.0,1.0,1.0,0.0,14.0,1701.0
2023-12-04 04:50:00,1.0,1.0,1.0,0.0,16.0,1701.0
2023-12-04 04:55:00,1.0,1.0,1.0,0.0,20.0,1702.0
2023-12-04 05:00:00,1.0,1.0,1.0,1.0,22.0,1702.0
2023-12-04 05:05:00,1.0,1.0,1.0,2.0,23.0,1701.0
2023-12-04 05:10:00,2.0,1.0,1.0,1.0,24.0,1700.0
2023-12-04 05:15:00,1.0,2.0,1.0,1.0,24.0,1701.0
2023-12-04 05:20:00,1.0,1.0,2.0,1.0,24.0,1702.0
2023-12-04 05:25:00,1.0,1.0,1.0,0.0,30.0,1701.0
2023-12-04 05:30:00,1.0,1.0,1.0,4.0,31.0,1702.0
2023-12-04 05:35:00,4.0,1.0,1.0,2.0,32.0,1700.0
2023-12-04 05:40:00,2.0,4.0,1.0,2.0,32.0,1698.0
2023-12-04 05:45:00,2.0,2.0,4.0,2.0,32.0,1696.0
2023-12-04 05:50:00,2.0,2.0,2.0,4.0,41.0,1696.0
2023-12-04 05:55:00,4.0,2.0,2.0,2.0,41.0,1694.0
2023-12-04 06:00:00,2.0,4.0,2.0,2.0,47.0,1693.0
2023-12-04 06:05:00,2.0,2.0,4.0,3.0,50.0,1691.0
2023-12-04 06:10:00,3.0,2.0,2.0,1.0,53.0,1690.0
2023-12-04 06:15:00,1.0,3.0,2.0,1.0,61.0,1689.0
2023-12-04 06:20:00,1.0,1.0,3.0,7.0,71.0,1692.0
2023-12-04 06:25:00,7.0,1.0,1.0,1.0,72.0,1687.0
2023-12-04 06:30:00,1.0,7.0,1.0,5.0,86.0,1691.0
2023-12-04 06:35:00,5.0,1.0,7.0,2.0,91.0,1689.0
2023-12-04 06:40:00,2.0,5.0,1.0,2.0,93.0,1693.0
2023-12-04 06:45:00,2.0,2.0,5.0,11.0,107.0,1694.0
2023-12-04 06:50:00,11.0,2.0,2.0,4.0,111.0,1690.0
2023-12-04 06:55:00,4.0,11.0,2.0,8.0,121.0,1688.0
2023-12-04 07:00:00,8.0,4.0,11.0,5.0,122.0,1683.0
2023-12-04 07:05:00,5.0,8.0,4.0,6.0,131.0,1681.0
2023-12-04 07:10:00,6.0,5.0,8.0,9.0,138.0,1684.0
2023-12-04 07:15:00,9.0,6.0,5.0,11.0,141.0,1686.0
2023-12-04 07:20:00,11.0,9.0,6.0,8.0,142.0,1683.0
2023-12-04 07:25:00,8.0,11.0,9.0,15.0,147.0,1682.0
2023-12-04 07:30:00,15.0,8.0,11.0,10.0,151.0,1675.0
2023-12-04 07:35:00,10.0,15.0,8.0,4.0,153.0,1677.0
2023-12-04 07:40:00,4.0,10.0,15.0,16.0,157.0,1682.0
2023-12-04 07:45:00,16.0,4.0,10.0,15.0,149.0,1675.0
2023-12-04 07:50:00,15.0,16.0,4.0,14.0,152.0,1672.0
2023-12-04 07:55:00,14.0,15.0,16.0,9.0,155.0,1668.0
2023-12-04 08:00:00,9.0,14.0,15.0,14.0,157.0,1672.0
2023-12-04 08:05:00,14.0,9.0,14.0,13.0,159.0,1671.0
2023-12-04 08:10:00,13.0,14.0,9.0,12.0,159.0,1667.0
2023-12-04 08:15:00,12.0,13.0,14.0,12.0,158.0,1670.0
2023-12-04 08:20:00,12.0,12.0,13.0,13.0,154.0,1666.0
2023-12-04 08:25:00,13.0,12.0,12.0,19.0,151.0,1658.0
2023-12-04 08:30:00,19.0,13.0,12.0,12.0,140.0,1656.0
2023-12-04 08:35:00,12.0,19.0,13.0,8.0,146.0,1654.0
2023-12-04 08:40:00,8.0,12.0,19.0,8.0,150.0,1658.0
2023-12-04 08:45:00,8.0,8.0,12.0,18.0,154.0,1662.0
2023-12-04 08:50:00,18.0,8.0,8.0,17.0,143.0,1654.0
2023-12-04 08:55:00,17.0,18.0,8.0,11.0,142.0,1653.0
2023-12-04 09:00:00,11.0,17.0,18.0,16.0,141.0,1655.0
2023-12-04 09:05:00,16.0,11.0,17.0,13.0,142.0,1662.0
2023-12-04 09:10:00,13.0,16.0,11.0,11.0,147.0,1661.0
2023-12-04 09:15:00,11.0,13.0,16.0,8.0,147.0,1659.0
2023-12-04 09:20:00,8.0,11.0,13.0,10.0,150.0,1660.0
2023-12-04 09:25:00,10.0,8.0,11.0,8.0,148.0,1663.0
2023-12-04 09:30:00,8.0,10.0,8.0,18.0,154.0,1661.0
2023-12-04 09:35:00,18.0,8.0,10.0,12.0,152.0,1657.0
2023-12-04 09:40:00,12.0,18.0,8.0,12.0,150.0,1656.0
2023-12-04 09:45:00,12.0,12.0,18.0,7.0,145.0,1650.0
2023-12-04 09:50:00,7.0,12.0,12.0,16.0,151.0,1653.0
2023-12-04 09:55:00,16.0,7.0,12.0,10.0,144.0,1651.0
2023-12-04 10:00:00,10.0,16.0,7.0,17.0,145.0,1652.0
2023-12-04 10:05:00,17.0,10.0,16.0,18.0,138.0,1648.0
2023-12-04 10:10:00,18.0,17.0,10.0,11.0,131.0,1642.0
2023-12-04 10:15:00,11.0,18.0,17.0,11.0,132.0,1640.0
2023-12-04 10:20:00,11.0,11.0,18.0,8.0,132.0,1640.0
2023-12-04 10:25:00,8.0,11.0,11.0,14.0,136.0,1643.0
2023-12-04 10:30:00,14.0,8.0,11.0,16.0,129.0,1637.0
2023-12-04 10:35:00,16.0,14.0,8.0,10.0,129.0,1629.0
2023-12-04 10:40:00,10.0,16.0,14.0,7.0,126.0,1633.0
2023-12-04 10:45:00,7.0,10.0,16.0,13.0,127.0,1639.0
2023-12-04 10:50:00,13.0,7.0,10.0,9.0,122.0,1634.0
2023-12-04 10:55:00,9.0,13.0,7.0,11.0,117.0,1638.0
2023-12-04 11:00:00,11.0,9.0,13.0,10.0,115.0,1637.0
2023-12-04 11:05:00,10.0,11.0,9.0,11.0,111.0,1636.0
2023-12-04 11:10:00,11.0,10.0,11.0,12.0,116.0,1631.0
2023-12-04 11:15:00,12.0,11.0,10.0,11.0,111.0,1628.0
2023-12-04 11:20:00,11.0,12.0,11.0,12.0,107.0,1634.0
2023-12-04 11:25:00,12.0,11.0,12.0,7.0,105.0,1634.0
2023-12-04 11:30:00,7.0,12.0,11.0,16.0,117.0,1640.0
2023-12-04 11:35:00,16.0,7.0,12.0,7.0,114.0,1634.0
2023-12-04 11:40:00,7.0,16.0,7.0,8.0,115.0,1640.0
2023-12-04 11:45:00,8.0,7.0,16.0,8.0,116.0,1649.0
2023-12-04 11:50:00,8.0,8.0,7.0,4.0,118.0,1652.0
2023-12-04 11:55:00,4.0,8.0,8.0,9.0,123.0,1664.0
2023-12-04 12:00:00,9.0,4.0,8.0,6.0,125.0,1662.0
2023-12-04 12:05:00,6.0,9.0,4.0,16.0,125.0,1672.0
2023-12-04 12:10:00,16.0,6.0,9.0,7.0,122.0,1663.0
2023-12-04 12:15:00,7.0,16.0,6.0,7.0,120.0,1674.0
2023-12-04 12:20:00,7.0,7.0,16.0,10.0,120.0,1674.0
2023-12-04 12:25:00,10.0,7.0,7.0,19.0,121.0,1676.0
2023-12-04 12:30:00,19.0,10.0,7.0,13.0,108.0,1671.0
2023-12-04 12:35:00,13.0,19.0,10.0,8.0,105.0,1664.0
2023-12-04 12:40:00,8.0,13.0,19.0,9.0,108.0,1663.0
2023-12-04 12:45:00,9.0,8.0,13.0,10.0,109.0,1669.0
2023-12-04 12:50:00,10.0,9.0,8.0,9.0,107.0,1667.0
2023-12-04 12:55:00,9.0,10.0,9.0,11.0,110.0,1669.0
2023-12-04 13:00:00,11.0,9.0,10.0,6.0,108.0,1670.0
2023-12-04 13:05:00,6.0,11.0,9.0,13.0,112.0,1674.0
2023-12-04 13:10:00,13.0,6.0,11.0,5.0,110.0,1678.0
2023-12-04 13:15:00,5.0,13.0,6.0,7.0,114.0,1677.0
2023-12-04 13:20:00,7.0,5.0,13.0,11.0,117.0,1678.0
2023-12-04 13:25:00,11.0,7.0,5.0,6.0,114.0,1677.0
2023-12-04 13:30:00,6.0,11.0,7.0,10.0,119.0,1678.0
2023-12-04 13:35:00,10.0,6.0,11.0,11.0,120.0,1680.0
2023-12-04 13:40:00,11.0,10.0,6.0,10.0,125.0,1674.0
2023-12-04 13:45:00,10.0,11.0,10.0,8.0,126.0,1677.0
2023-12-04 13:50:00,8.0,10.0,11.0,12.0,130.0,1676.0
2023-12-04 13:55:00,12.0,8.0,10.0,9.0,125.0,1673.0
2023-12-04 14:00:00,9.0,12.0,8.0,10.0,136.0,1672.0
2023-12-04 14:05:00,10.0,9.0,12.0,11.0,133.0,1678.0
2023-12-04 14:10:00,11.0,10.0,9.0,9.0,132.0,1674.0
2023-12-04 14:15:00,9.0,11.0,10.0,10.0,132.0,1679.0
2023-12-04 14:20:00,10.0,9.0,11.0,8.0,134.0,1677.0
2023-12-04 14:25:00,8.0,10.0,9.0,11.0,137.0,1677.0
2023-12-04 14:30:00,11.0,8.0,10.0,11.0,130.0,1673.0
2023-12-04 14:35:00,11.0,11.0,8.0,16.0,125.0,1669.0
2023-12-04 14:40:00,16.0,11.0,11.0,11.0,123.0,1660.0
2023-12-04 14:45:00,11.0,16.0,11.0,12.0,121.0,1657.0
2023-12-04 14:50:00,12.0,11.0,16.0,7.0,117.0,1661.0
2023-12-04 14:55:00,7.0,12.0,11.0,20.0,123.0,1660.0
2023-12-04 15:00:00,20.0,7.0,12.0,7.0,109.0,1650.0
2023-12-04 15:05:00,7.0,20.0,7.0,10.0,105.0,1650.0
2023-12-04 15:10:00,10.0,7.0,20.0,9.0,103.0,1649.0
2023-12-04 15:15:00,9.0,10.0,7.0,12.0,102.0,1651.0
2023-12-04 15:20:00,12.0,9.0,10.0,11.0,97.0,1646.0
2023-12-04 15:25:00,11.0,12.0,9.0,4.0,93.0,1648.0
2023-12-04 15:30:00,4.0,11.0,12.0,6.0,98.0,1655.0
2023-12-04 15:35:00,6.0,4.0,11.0,14.0,101.0,1660.0
2023-12-04 15:40:00,14.0,6.0,4.0,9.0,101.0,1652.0
2023-12-04 15:45:00,9.0,14.0,6.0,8.0,101.0,1657.0
2023-12-04 15:50:00,8.0,9.0,14.0,13.0,106.0,1661.0
2023-12-04 15:55:00,13.0,8.0,9.0,6.0,101.0,1656.0
2023-12-04 16:00:00,6.0,13.0,8.0,3.0,107.0,1653.0
2023-12-04 16:05:00,3.0,6.0,13.0,8.0,111.0,1659.0
2023-12-04 16:10:00,8.0,3.0,6.0,8.0,115.0,1659.0
2023-12-04 16:15:00,8.0,8.0,3.0,7.0,118.0,1663.0
2023-12-04 16:20:00,7.0,8.0,8.0,7.0,124.0,1669.0
2023-12-04 16:25:00,7.0,7.0,8.0,9.0,127.0,1673.0
2023-12-04 16:30:00,9.0,7.0,7.0,9.0,126.0,1673.0
2023-12-04 16:35:00,9.0,9.0,7.0,14.0,124.0,1672.0
2023-12-04 16:40:00,14.0,9.0,9.0,9.0,120.0,1674.0
2023-12-04 16:45:00,9.0,14.0,9.0,13.0,125.0,1673.0
2023-12-04 16:50:00,13.0,9.0,14.0,8.0,125.0,1666.0
2023-12-04 16:55:00,8.0,13.0,9.0,12.0,124.0,1669.0
2023-12-04 17:00:00,12.0,8.0,13.0,7.0,117.0,1666.0
2023-12-04 17:05:00,7.0,12.0,8.0,12.0,118.0,1671.0
2023-12-04 17:10:00,12.0,7.0,12.0,11.0,117.0,1669.0
2023-12-04 17:15:00,11.0,12.0,7.0,13.0,115.0,1670.0
2023-12-04 17:20:00,13.0,11.0,12.0,10.0,111.0,1669.0
2023-12-04 17:25:00,10.0,13.0,11.0,8.0,107.0,1677.0
2023-12-04 17:30:00,8.0,10.0,13.0,7.0,106.0,1675.0
2023-12-04 17:35:00,7.0,8.0,10.0,10.0,107.0,1681.0
2023-12-04 17:40:00,10.0,7.0,8.0,14.0,102.0,1681.0
2023-12-04 17:45:00,14.0,10.0,7.0,13.0,92.0,1674.0
2023-12-04 17:50:00,13.0,14.0,10.0,7.0,84.0,1668.0
2023-12-04 17:55:00,7.0,13.0,14.0,5.0,79.0,1676.0
2023-12-04 18:00:00,5.0,7.0,13.0,8.0,75.0,1677.0
2023-12-04 18:05:00,8.0,5.0,7.0,11.0,77.0,1676.0
2023-12-04 18:10:00,11.0,8.0,5.0,9.0,74.0,1670.0
2023-12-04 18:15:00,9.0,11.0,8.0,9.0,67.0,1668.0
2023-12-04 18:20:00,9.0,9.0,11.0,6.0,64.0,1669.0
2023-12-04 18:25:00,6.0,9.0,9.0,7.0,62.0,1671.0
2023-12-04 18:30:00,7.0,6.0,9.0,8.0,58.0,1673.0
2023-12-04 18:35:00,8.0,7.0,6.0,5.0,56.0,1669.0
2023-12-04 18:40:00,5.0,8.0,7.0,4.0,51.0,1667.0
2023-12-04 18:45:00,4.0,5.0,8.0,5.0,51.0,1666.0
2023-12-04 18:50:00,5.0,4.0,5.0,2.0,51.0,1668.0
2023-12-04 18:55:00,2.0,5.0,4.0,1.0,52.0,1673.0
2023-12-04 19:00:00,1.0,2.0,5.0,10.0,54.0,1678.0
2023-12-04 19:05:00,10.0,1.0,2.0,8.0,48.0,1674.0
2023-12-04 19:10:00,8.0,10.0,1.0,2.0,41.0,1669.0
2023-12-04 19:15:00,2.0,8.0,10.0,6.0,43.0,1672.0
2023-12-04 19:20:00,6.0,2.0,8.0,4.0,41.0,1673.0
2023-12-04 19:25:00,4.0,6.0,2.0,3.0,42.0,1673.0
2023-12-04 19:30:00,3.0,4.0,6.0,6.0,47.0,1676.0
2023-12-04 19:35:00,6.0,3.0,4.0,0.0,43.0,1676.0
2023-12-04 19:40:00,1.0,6.0,3.0,4.0,45.0,1680.0
2023-12-04 19:45:00,4.0,1.0,6.0,5.0,41.0,1681.0
2023-12-04 19:50:00,5.0,4.0,1.0,3.0,40.0,1678.0
2023-12-04 19:55:00,3.0,5.0,4.0,3.0,40.0,1677.0
2023-12-04 20:00:00,3.0,3.0,5.0,4.0,39.0,1677.0
2023-12-04 20:05:00,4.0,3.0,3.0,1.0,38.0,1679.0
2023-12-04 20:10:00,1.0,4.0,3.0,4.0,41.0,1680.0
2023-12-04 20:15:00,4.0,1.0,4.0,4.0,41.0,1681.0
2023-12-04 20:20:00,4.0,4.0,1.0,5.0,38.0,1677.0
2023-12-04 20:25:00,5.0,4.0,4.0,8.0,34.0,1673.0
2023-12-04 20:30:00,8.0,5.0,4.0,2.0,30.0,1672.0
2023-12-04 20:35:00,2.0,8.0,5.0,2.0,32.0,1671.0
2023-12-04 20:40:00,2.0,2.0,8.0,0.0,31.0,1672.0
2023-12-04 20:45:00,1.0,2.0,2.0,4.0,32.0,1674.0
2023-12-04 20:50:00,4.0,1.0,2.0,3.0,30.0,1671.0
2023-12-04 20:55:00,3.0,4.0,1.0,2.0,29.0,1669.0
2023-12-04 21:00:00,2.0,3.0,4.0,3.0,29.0,1669.0
2023-12-04 21:05:00,3.0,2.0,3.0,4.0,28.0,1668.0
2023-12-04 21:10:00,4.0,3.0,2.0,4.0,25.0,1669.0
2023-12-04 21:15:00,4.0,4.0,3.0,1.0,21.0,1667.0
2023-12-04 21:20:00,1.0,4.0,4.0,1.0,22.0,1668.0
2023-12-04 21:25:00,1.0,1.0,4.0,4.0,23.0,1669.0
2023-12-04 21:30:00,4.0,1.0,1.0,4.0,21.0,1669.0
2023-12-04 21:35:00,4.0,4.0,1.0,1.0,17.0,1667.0
2023-12-04 21:40:00,1.0,4.0,4.0,1.0,18.0,1668.0
2023-12-04 21:45:00,1.0,1.0,4.0,2.0,19.0,1669.0
2023-12-04 21:50:00,2.0,1.0,1.0,2.0,18.0,1669.0
2023-12-04 21:55:00,2.0,2.0,1.0,2.0,17.0,1669.0
2023-12-04 22:00:00,2.0,2.0,2.0,2.0,17.0,1670.0
2023-12-04 22:05:00,2.0,2.0,2.0,1.0,18.0,1671.0
2023-12-04 22:10:00,1.0,2.0,2.0,0.0,19.0,1670.0
2023-12-04 22:15:00,1.0,1.0,2.0,2.0,19.0,1672.0
2023-12-04 22:20:00,2.0,1.0,1.0,2.0,18.0,1670.0
2023-12-04 22:25:00,2.0,2.0,1.0,2.0,20.0,1670.0
2023-12-04 22:30:00,2.0,2.0,2.0,0.0,18.0,1671.0
2023-12-04 22:35:00,1.0,2.0,2.0,2.0,20.0,1671.0
2023-12-04 22:40:00,2.0,1.0,2.0,2.0,18.0,1670.0
2023-12-04 22:45:00,2.0,2.0,1.0,1.0,16.0,1669.0
2023-12-04 22:50:00,1.0,2.0,2.0,1.0,16.0,1669.0
2023-12-04 22:55:00,1.0,1.0,2.0,2.0,15.0,1668.0
2023-12-04 23:00:00,2.0,1.0,1.0,3.0,13.0,1667.0
2023-12-04 23:05:00,3.0,2.0,1.0,2.0,10.0,1665.0
2023-12-04 23:10:00,2.0,3.0,2.0,0.0,9.0,1665.0
2023-12-04 23:15:00,1.0,2.0,3.0,1.0,9.0,1668.0
2023-12-04 23:20:00,1.0,1.0,2.0,4.0,8.0,1668.0
2023-12-04 23:25:00,4.0,1.0,1.0,0.0,5.0,1665.0
2023-12-04 23:30:00,1.0,4.0,1.0,2.0,5.0,1666.0
2023-12-04 23:35:00,2.0,1.0,4.0,0.0,3.0,1665.0
2023-12-04 23:40:00,1.0,2.0,1.0,0.0,3.0,1666.0
2023-12-04 23:45:00,1.0,1.0,2.0,1.0,4.0,1668.0
2023-12-04 23:50:00,1.0,1.0,1.0,0.0,4.0,1668.0
2023-12-04 23:55:00,1.0,1.0,1.0,0.0,4.0,1670.0
2023-12-05 00:00:00,1.0,1.0,1.0,0.0,6.0,1671.0
2023-12-05 00:05:00,1.0,1.0,1.0,1.0,7.0,1673.0
2023-12-05 00:10:00,1.0,1.0,1.0,0.0,6.0,1673.0
2023-12-05 00:15:00,1.0,1.0,1.0,0.0,6.0,1674.0
2023-12-05 00:20:00,1.0,1.0,1.0,1.0,6.0,1674.0
2023-12-05 00:25:00,1.0,1.0,1.0,0.0,7.0,1674.0
2023-12-05 00:30:00,1.0,1.0,1.0,0.0,7.0,1677.0
2023-12-05 00:35:00,1.0,1.0,1.0,0.0,7.0,1678.0
2023-12-05 00:40:00,1.0,1.0,1.0,1.0,7.0,1679.0
2023-12-05 00:45:00,1.0,1.0,1.0,1.0,6.0,1678.0
2023-12-05 00:50:00,1.0,1.0,1.0,0.0,5.0,1678.0
2023-12-05 00:55:00,1.0,1.0,1.0,2.0,7.0,1679.0
2023-12-05 01:00:00,2.0,1.0,1.0,1.0,5.0,1677.0
2023-12-05 01:05:00,1.0,2.0,1.0,0.0,4.0,1676.0
2023-12-05 01:10:00,1.0,1.0,2.0,0.0,5.0,1677.0
2023-12-05 01:15:00,1.0,1.0,1.0,0.0,5.0,1677.0
2023-12-05 01:20:00,1.0,1.0,1.0,2.0,5.0,1677.0
2023-12-05 01:25:00,2.0,1.0,1.0,0.0,3.0,1676.0
2023-12-05 01:30:00,1.0,2.0,1.0,0.0,3.0,1676.0
2023-12-05 01:35:00,1.0,1.0,2.0,0.0,4.0,1676.0
2023-12-05 01:40:00,1.0,1.0,1.0,0.0,5.0,1677.0
2023-12-05 01:45:00,1.0,1.0,1.0,0.0,5.0,1678.0
2023-12-05 01:50:00,1.0,1.0,1.0,2.0,5.0,1678.0
2023-12-05 01:55:00,2.0,1.0,1.0,0.0,3.0,1676.0
2023-12-05 02:00:00,1.0,2.0,1.0,0.0,3.0,1677.0
2023-12-05 02:05:00,1.0,1.0,2.0,1.0,3.0,1677.0
2023-12-05 02:10:00,1.0,1.0,1.0,0.0,2.0,1676.0
2023-12-05 02:15:00,1.0,1.0,1.0,0.0,2.0,1676.0
2023-12-05 02:20:00,1.0,1.0,1.0,0.0,2.0,1676.0
2023-12-05 02:25:00,1.0,1.0,1.0,0.0,2.0,1676.0
2023-12-05 02:30:00,1.0,1.0,1.0,1.0,3.0,1676.0
2023-12-05 02:35:00,1.0,1.0,1.0,1.0,2.0,1675.0
2023-12-05 02:40:00,1.0,1.0,1.0,0.0,1.0,1674.0
2023-12-05 02:45:00,1.0,1.0,1.0,0.0,2.0,1674.0
2023-12-05 02:50:00,1.0,1.0,1.0,0.0,3.0,1674.0
2023-12-05 02:55:00,1.0,1.0,1.0,0.0,3.0,1674.0
2023-12-05 03:00:00,1.0,1.0,1.0,0.0,3.0,1674.0
2023-12-05 03:05:00,1.0,1.0,1.0,0.0,3.0,1674.0
2023-12-05 03:10:00,1.0,1.0,1.0,0.0,4.0,1674.0
2023-12-05 03:15:00,1.0,1.0,1.0,0.0,4.0,1674.0
2023-12-05 03:20:00,1.0,1.0,1.0,0.0,6.0,1675.0
2023-12-05 03:25:00,1.0,1.0,1.0,1.0,6.0,1675.0
2023-12-05 03:30:00,1.0,1.0,1.0,0.0,6.0,1674.0
2023-12-05 03:35:00,1.0,1.0,1.0,0.0,6.0,1675.0
2023-12-05 03:40:00,1.0,1.0,1.0,1.0,7.0,1675.0
2023-12-05 03:45:00,1.0,1.0,1.0,1.0,7.0,1674.0
2023-12-05 03:50:00,1.0,1.0,1.0,0.0,6.0,1673.0
2023-12-05 03:55:00,1.0,1.0,1.0,0.0,7.0,1673.0
2023-12-05 04:00:00,1.0,1.0,1.0,0.0,7.0,1673.0
2023-12-05 04:05:00,1.0,1.0,1.0,1.0,7.0,1673.0
2023-12-05 04:10:00,1.0,1.0,1.0,0.0,7.0,1672.0
2023-12-05 04:15:00,1.0,1.0,1.0,2.0,9.0,1672.0
2023-12-05 04:20:00,2.0,1.0,1.0,0.0,9.0,1671.0
2023-12-05 04:25:00,1.0,2.0,1.0,1.0,9.0,1672.0
2023-12-05 04:30:00,1.0,1.0,2.0,0.0,9.0,1671.0
2023-12-05 04:35:00,1.0,1.0,1.0,1.0,11.0,1671.0
2023-12-05 04:40:00,1.0,1.0,1.0,1.0,10.0,1670.0
2023-12-05 04:45:00,1.0,1.0,1.0,0.0,9.0,1669.0
2023-12-05 04:50:00,1.0,1.0,1.0,1.0,11.0,1669.0
2023-12-05 04:55:00,1.0,1.0,1.0,0.0,12.0,1668.0
2023-12-05 05:00:00,1.0,1.0,1.0,0.0,13.0,1669.0
2023-12-05 05:05:00,1.0,1.0,1.0,1.0,13.0,1670.0
2023-12-05 05:10:00,1.0,1.0,1.0,2.0,14.0,1669.0
2023-12-05 05:15:00,2.0,1.0,1.0,2.0,12.0,1668.0
2023-12-05 05:20:00,2.0,2.0,1.0,0.0,14.0,1667.0
2023-12-05 05:25:00,1.0,2.0,2.0,1.0,16.0,1668.0
2023-12-05 05:30:00,1.0,1.0,2.0,2.0,20.0,1668.0
2023-12-05 05:35:00,2.0,1.0,1.0,0.0,21.0,1668.0
2023-12-05 05:40:00,1.0,2.0,1.0,0.0,27.0,1672.0
2023-12-05 05:45:00,1.0,1.0,2.0,2.0,30.0,1673.0
2023-12-05 05:50:00,2.0,1.0,1.0,2.0,35.0,1671.0
2023-12-05 05:55:00,2.0,2.0,1.0,1.0,35.0,1669.0
2023-12-05 06:00:00,1.0,2.0,2.0,0.0,37.0,1670.0
2023-12-05 06:05:00,1.0,1.0,2.0,2.0,40.0,1670.0
2023-12-05 06:10:00,2.0,1.0,1.0,0.0,47.0,1670.0
2023-12-05 06:15:00,1.0,2.0,1.0,4.0,58.0,1672.0
2023-12-05 06:20:00,4.0,1.0,2.0,2.0,62.0,1670.0
2023-12-05 06:25:00,2.0,4.0,1.0,5.0,67.0,1670.0
2023-12-05 06:30:00,5.0,2.0,4.0,3.0,70.0,1674.0
2023-12-05 06:35:00,3.0,5.0,2.0,6.0,79.0,1673.0
2023-12-05 06:40:00,6.0,3.0,5.0,3.0,82.0,1672.0
2023-12-05 06:45:00,3.0,6.0,3.0,7.0,88.0,1676.0
2023-12-05 06:50:00,7.0,3.0,6.0,2.0,93.0,1674.0
2023-12-05 06:55:00,2.0,7.0,3.0,3.0,101.0,1677.0
2023-12-05 07:00:00,3.0,2.0,7.0,3.0,111.0,1679.0
2023-12-05 07:05:00,3.0,3.0,2.0,9.0,121.0,1679.0
2023-12-05 07:10:00,9.0,3.0,3.0,11.0,121.0,1683.0
2023-12-05 07:15:00,11.0,9.0,3.0,8.0,125.0,1686.0
2023-12-05 07:20:00,8.0,11.0,9.0,7.0,125.0,1688.0
2023-12-05 07:25:00,7.0,8.0,11.0,8.0,123.0,1693.0
2023-12-05 07:30:00,8.0,7.0,8.0,12.0,132.0,1694.0
2023-12-05 07:35:00,12.0,8.0,7.0,9.0,130.0,1690.0
2023-12-05 07:40:00,9.0,12.0,8.0,9.0,133.0,1689.0
2023-12-05 07:45:00,9.0,9.0,12.0,12.0,136.0,1696.0
2023-12-05 07:50:00,12.0,9.0,9.0,10.0,134.0,1693.0
2023-12-05 07:55:00,10.0,12.0,9.0,13.0,140.0,1692.0
2023-12-05 08:00:00,13.0,10.0,12.0,13.0,140.0,1692.0
2023-12-05 08:05:00,13.0,13.0,10.0,9.0,150.0,1689.0
2023-12-05 08:10:00,9.0,13.0,13.0,15.0,153.0,1689.0
2023-12-05 08:15:00,15.0,9.0,13.0,8.0,147.0,1684.0
2023-12-05 08:20:00,8.0,15.0,9.0,5.0,148.0,1691.0
2023-12-05 08:25:00,5.0,8.0,15.0,17.0,156.0,1703.0
2023-12-05 08:30:00,17.0,5.0,8.0,10.0,145.0,1698.0
2023-12-05 08:35:00,10.0,17.0,5.0,12.0,149.0,1694.0
2023-12-05 08:40:00,12.0,10.0,17.0,12.0,148.0,1692.0
2023-12-05 08:45:00,12.0,12.0,10.0,10.0,142.0,1691.0
2023-12-05 08:50:00,10.0,12.0,12.0,16.0,142.0,1703.0
2023-12-05 08:55:00,16.0,10.0,12.0,13.0,140.0,1697.0
2023-12-05 09:00:00,13.0,16.0,10.0,23.0,138.0,1691.0
2023-12-05 09:05:00,23.0,13.0,16.0,12.0,128.0,1685.0
2023-12-05 09:10:00,12.0,23.0,13.0,9.0,128.0,1682.0
2023-12-05 09:15:00,9.0,12.0,23.0,9.0,128.0,1689.0
2023-12-05 09:20:00,9.0,9.0,12.0,13.0,130.0,1685.0
2023-12-05 09:25:00,13.0,9.0,9.0,6.0,128.0,1686.0
2023-12-05 09:30:00,6.0,13.0,9.0,14.0,130.0,1685.0
2023-12-05 09:35:00,14.0,6.0,13.0,11.0,124.0,1683.0
2023-12-05 09:40:00,11.0,14.0,6.0,6.0,127.0,1685.0
2023-12-05 09:45:00,6.0,11.0,14.0,10.0,134.0,1689.0
2023-12-05 09:50:00,10.0,6.0,11.0,14.0,132.0,1692.0
2023-12-05 09:55:00,14.0,10.0,6.0,11.0,131.0,1685.0
2023-12-05 10:00:00,11.0,14.0,10.0,13.0,130.0,1688.0
2023-12-05 10:05:00,13.0,11.0,14.0,12.0,126.0,1683.0
2023-12-05 10:10:00,12.0,13.0,11.0,9.0,120.0,1680.0
2023-12-05 10:15:00,9.0,12.0,13.0,11.0,120.0,1690.0
2023-12-05 10:20:00,11.0,9.0,12.0,11.0,126.0,1693.0
2023-12-05 10:25:00,11.0,11.0,9.0,8.0,127.0,1697.0
2023-12-05 10:30:00,8.0,11.0,11.0,8.0,132.0,1701.0
2023-12-05 10:35:00,8.0,8.0,11.0,14.0,134.0,1702.0
2023-12-05 10:40:00,14.0,8.0,8.0,13.0,133.0,1699.0
2023-12-05 10:45:00,13.0,14.0,8.0,8.0,137.0,1700.0
2023-12-05 10:50:00,8.0,13.0,14.0,13.0,140.0,1701.0
2023-12-05 10:55:00,13.0,8.0,13.0,10.0,143.0,1698.0
2023-12-05 11:00:00,10.0,13.0,8.0,9.0,140.0,1698.0
2023-12-05 11:05:00,9.0,10.0,13.0,6.0,147.0,1703.0
2023-12-05 11:10:00,6.0,9.0,10.0,9.0,148.0,1707.0
2023-12-05 11:15:00,9.0,6.0,9.0,17.0,157.0,1710.0
2023-12-05 11:20:00,17.0,9.0,6.0,12.0,147.0,1703.0
2023-12-05 11:25:00,12.0,17.0,9.0,13.0,147.0,1704.0
2023-12-05 11:30:00,13.0,12.0,17.0,10.0,148.0,1703.0
2023-12-05 11:35:00,10.0,13.0,12.0,13.0,144.0,1705.0
2023-12-05 11:40:00,13.0,10.0,13.0,17.0,138.0,1708.0
2023-12-05 11:45:00,17.0,13.0,10.0,11.0,136.0,1700.0
2023-12-05 11:50:00,11.0,17.0,13.0,16.0,133.0,1696.0
2023-12-05 11:55:00,16.0,11.0,17.0,7.0,128.0,1693.0
2023-12-05 12:00:00,7.0,16.0,11.0,16.0,133.0,1702.0
2023-12-05 12:05:00,16.0,7.0,16.0,7.0,127.0,1692.0
2023-12-05 12:10:00,7.0,16.0,7.0,18.0,137.0,1695.0
2023-12-05 12:15:00,18.0,7.0,16.0,7.0,123.0,1688.0
2023-12-05 12:20:00,7.0,18.0,7.0,12.0,124.0,1689.0
2023-12-05 12:25:00,12.0,7.0,18.0,14.0,122.0,1690.0
2023-12-05 12:30:00,14.0,12.0,7.0,6.0,115.0,1687.0
2023-12-05 12:35:00,6.0,14.0,12.0,7.0,121.0,1684.0
2023-12-05 12:40:00,7.0,6.0,14.0,15.0,119.0,1685.0
2023-12-05 12:45:00,15.0,7.0,6.0,8.0,117.0,1682.0
2023-12-05 12:50:00,8.0,15.0,7.0,11.0,116.0,1686.0
2023-12-05 12:55:00,11.0,8.0,15.0,12.0,114.0,1683.0
2023-12-05 13:00:00,12.0,11.0,8.0,10.0,110.0,1684.0
2023-12-05 13:05:00,10.0,12.0,11.0,17.0,116.0,1681.0
2023-12-05 13:10:00,17.0,10.0,12.0,4.0,106.0,1673.0
2023-12-05 13:15:00,4.0,17.0,10.0,8.0,116.0,1677.0
2023-12-05 13:20:00,8.0,4.0,17.0,10.0,116.0,1676.0
2023-12-05 13:25:00,10.0,8.0,4.0,7.0,114.0,1675.0
2023-12-05 13:30:00,7.0,10.0,8.0,12.0,114.0,1674.0
2023-12-05 13:35:00,12.0,7.0,10.0,5.0,109.0,1676.0
2023-12-05 13:40:00,5.0,12.0,7.0,13.0,111.0,1676.0
2023-12-05 13:45:00,13.0,5.0,12.0,7.0,106.0,1670.0
2023-12-05 13:50:00,7.0,13.0,5.0,9.0,115.0,1672.0
2023-12-05 13:55:00,9.0,7.0,13.0,8.0,112.0,1676.0
2023-12-05 14:00:00,8.0,9.0,7.0,16.0,114.0,1679.0
2023-12-05 14:05:00,16.0,8.0,9.0,7.0,105.0,1680.0
2023-12-05 14:10:00,7.0,16.0,8.0,14.0,107.0,1684.0
2023-12-05 14:15:00,14.0,7.0,16.0,8.0,104.0,1677.0
2023-12-05 14:20:00,8.0,14.0,7.0,8.0,103.0,1679.0
2023-12-05 14:25:00,8.0,8.0,14.0,7.0,108.0,1680.0
2023-12-05 14:30:00,7.0,8.0,8.0,7.0,112.0,1684.0
2023-12-05 14:35:00,7.0,7.0,8.0,7.0,116.0,1688.0
2023-12-05 14:40:00,7.0,7.0,7.0,8.0,115.0,1690.0
2023-12-05 14:45:00,8.0,7.0,7.0,16.0,121.0,1689.0
2023-12-05 14:50:00,16.0,8.0,7.0,6.0,117.0,1686.0
2023-12-05 14:55:00,6.0,16.0,8.0,10.0,119.0,1684.0
2023-12-05 15:00:00,10.0,6.0,16.0,7.0,112.0,1680.0
2023-12-05 15:05:00,7.0,10.0,6.0,9.0,114.0,1679.0
2023-12-05 15:10:00,9.0,7.0,10.0,11.0,113.0,1679.0
2023-12-05 15:15:00,11.0,9.0,7.0,7.0,114.0,1678.0
2023-12-05 15:20:00,7.0,11.0,9.0,13.0,120.0,1680.0
2023-12-05 15:25:00,13.0,7.0,11.0,11.0,118.0,1679.0
2023-12-05 15:30:00,11.0,13.0,7.0,11.0,116.0,1675.0
2023-12-05 15:35:00,11.0,11.0,13.0,6.0,113.0,1676.0
2023-12-05 15:40:00,6.0,11.0,11.0,14.0,123.0,1679.0
2023-12-05 15:45:00,14.0,6.0,11.0,12.0,117.0,1670.0
2023-12-05 15:50:00,12.0,14.0,6.0,8.0,111.0,1668.0
2023-12-05 15:55:00,8.0,12.0,14.0,3.0,114.0,1676.0
2023-12-05 16:00:00,3.0,8.0,12.0,9.0,120.0,1680.0
2023-12-05 16:05:00,9.0,3.0,8.0,8.0,123.0,1680.0
2023-12-05 16:10:00,8.0,9.0,3.0,12.0,125.0,1679.0
2023-12-05 16:15:00,12.0,8.0,9.0,13.0,125.0,1677.0
2023-12-05 16:20:00,13.0,12.0,8.0,11.0,124.0,1676.0
2023-12-05 16:25:00,11.0,13.0,12.0,9.0,131.0,1666.0
2023-12-05 16:30:00,9.0,11.0,13.0,8.0,128.0,1667.0
2023-12-05 16:35:00,8.0,9.0,11.0,16.0,133.0,1670.0
2023-12-05 16:40:00,16.0,8.0,9.0,8.0,127.0,1664.0
2023-12-05 16:45:00,8.0,16.0,8.0,6.0,126.0,1663.0
2023-12-05 16:50:00,6.0,8.0,16.0,11.0,127.0,1666.0
2023-12-05 16:55:00,11.0,6.0,8.0,9.0,131.0,1663.0
2023-12-05 17:00:00,9.0,11.0,6.0,12.0,128.0,1666.0
2023-12-05 17:05:00,12.0,9.0,11.0,10.0,123.0,1668.0
2023-12-05 17:10:00,10.0,12.0,9.0,12.0,118.0,1668.0
2023-12-05 17:15:00,12.0,10.0,12.0,12.0,113.0,1667.0
2023-12-05 17:20:00,12.0,12.0,10.0,18.0,111.0,1662.0
2023-12-05 17:25:00,18.0,12.0,12.0,6.0,101.0,1658.0
2023-12-05 17:30:00,6.0,18.0,12.0,13.0,104.0,1658.0
2023-12-05 17:35:00,13.0,6.0,18.0,10.0,95.0,1655.0
2023-12-05 17:40:00,10.0,13.0,6.0,7.0,88.0,1660.0
2023-12-05 17:45:00,7.0,10.0,13.0,7.0,84.0,1664.0
2023-12-05 17:50:00,7.0,7.0,10.0,15.0,84.0,1665.0
2023-12-05 17:55:00,15.0,7.0,7.0,6.0,76.0,1654.0
2023-12-05 18:00:00,6.0,15.0,7.0,7.0,76.0,1657.0
2023-12-05 18:05:00,7.0,6.0,15.0,5.0,75.0,1660.0
2023-12-05 18:10:00,5.0,7.0,6.0,7.0,73.0,1659.0
2023-12-05 18:15:00,7.0,5.0,7.0,10.0,71.0,1659.0
2023-12-05 18:20:00,10.0,7.0,5.0,8.0,68.0,1657.0
2023-12-05 18:25:00,8.0,10.0,7.0,9.0,64.0,1652.0
2023-12-05 18:30:00,9.0,8.0,10.0,4.0,61.0,1654.0
2023-12-05 18:35:00,4.0,9.0,8.0,3.0,63.0,1656.0
2023-12-05 18:40:00,3.0,4.0,9.0,3.0,64.0,1657.0
2023-12-05 18:45:00,3.0,3.0,4.0,7.0,66.0,1661.0
2023-12-05 18:50:00,7.0,3.0,3.0,7.0,61.0,1657.0
2023-12-05 18:55:00,7.0,7.0,3.0,6.0,56.0,1655.0
2023-12-05 19:00:00,6.0,7.0,7.0,6.0,53.0,1651.0
2023-12-05 19:05:00,6.0,6.0,7.0,3.0,53.0,1653.0
2023-12-05 19:10:00,3.0,6.0,6.0,5.0,52.0,1653.0
2023-12-05 19:15:00,5.0,3.0,6.0,7.0,52.0,1651.0
2023-12-05 19:20:00,7.0,5.0,3.0,4.0,45.0,1647.0
2023-12-05 19:25:00,4.0,7.0,5.0,6.0,42.0,1649.0
2023-12-05 19:30:00,6.0,4.0,7.0,6.0,43.0,1646.0
2023-12-05 19:35:00,6.0,6.0,4.0,4.0,38.0,1642.0
2023-12-05 19:40:00,4.0,6.0,6.0,5.0,37.0,1645.0
2023-12-05 19:45:00,5.0,4.0,6.0,2.0,34.0,1645.0
2023-12-05 19:50:00,2.0,5.0,4.0,2.0,33.0,1647.0
2023-12-05 19:55:00,2.0,2.0,5.0,3.0,32.0,1648.0
2023-12-05 20:00:00,3.0,2.0,2.0,6.0,31.0,1647.0
2023-12-05 20:05:00,6.0,3.0,2.0,2.0,27.0,1649.0
2023-12-05 20:10:00,2.0,6.0,3.0,5.0,30.0,1651.0
2023-12-05 20:15:00,5.0,2.0,6.0,0.0,27.0,1650.0
2023-12-05 20:20:00,1.0,5.0,2.0,1.0,29.0,1651.0
2023-12-05 20:25:00,1.0,1.0,5.0,7.0,30.0,1653.0
2023-12-05 20:30:00,7.0,1.0,1.0,1.0,27.0,1650.0
2023-12-05 20:35:00,1.0,7.0,1.0,3.0,28.0,1652.0
2023-12-05 20:40:00,3.0,1.0,7.0,2.0,27.0,1650.0
2023-12-05 20:45:00,2.0,3.0,1.0,1.0,27.0,1650.0
2023-12-05 20:50:00,1.0,2.0,3.0,1.0,28.0,1651.0
2023-12-05 20:55:00,1.0,1.0,2.0,2.0,29.0,1652.0
2023-12-05 21:00:00,2.0,1.0,1.0,2.0,30.0,1653.0
2023-12-05 21:05:00,2.0,2.0,1.0,5.0,31.0,1654.0
2023-12-05 21:10:00,5.0,2.0,2.0,2.0,26.0,1655.0
2023-12-05 21:15:00,2.0,5.0,2.0,2.0,26.0,1657.0
2023-12-05 21:20:00,2.0,2.0,5.0,2.0,24.0,1658.0
2023-12-05 21:25:00,2.0,2.0,2.0,4.0,24.0,1659.0
2023-12-05 21:30:00,4.0,2.0,2.0,2.0,23.0,1656.0
2023-12-05 21:35:00,2.0,4.0,2.0,2.0,21.0,1660.0
2023-12-05 21:40:00,2.0,2.0,4.0,2.0,20.0,1659.0
2023-12-05 21:45:00,2.0,2.0,2.0,2.0,19.0,1659.0
2023-12-05 21:50:00,2.0,2.0,2.0,2.0,18.0,1658.0
2023-12-05 21:55:00,2.0,2.0,2.0,3.0,16.0,1658.0
2023-12-05 22:00:00,3.0,2.0,2.0,3.0,14.0,1656.0
2023-12-05 22:05:00,3.0,3.0,2.0,0.0,12.0,1654.0
2023-12-05 22:10:00,1.0,3.0,3.0,2.0,14.0,1654.0
2023-12-05 22:15:00,2.0,1.0,3.0,0.0,15.0,1653.0
2023-12-05 22:20:00,1.0,2.0,1.0,2.0,16.0,1654.0
2023-12-05 22:25:00,2.0,1.0,2.0,3.0,15.0,1653.0
2023-12-05 22:30:00,3.0,2.0,1.0,0.0,13.0,1653.0
2023-12-05 22:35:00,1.0,3.0,2.0,1.0,14.0,1654.0
2023-12-05 22:40:00,1.0,1.0,3.0,1.0,14.0,1655.0
2023-12-05 22:45:00,1.0,1.0,1.0,1.0,15.0,1654.0
2023-12-05 22:50:00,1.0,1.0,1.0,0.0,15.0,1654.0
2023-12-05 22:55:00,1.0,1.0,1.0,1.0,17.0,1655.0
2023-12-05 23:00:00,1.0,1.0,1.0,1.0,17.0,1655.0
2023-12-05 23:05:00,1.0,1.0,1.0,2.0,18.0,1655.0
2023-12-05 23:10:00,2.0,1.0,1.0,3.0,17.0,1654.0
2023-12-05 23:15:00,3.0,2.0,1.0,1.0,15.0,1652.0
2023-12-05 23:20:00,1.0,3.0,2.0,1.0,14.0,1651.0
2023-12-05 23:25:00,1.0,1.0,3.0,1.0,14.0,1650.0
2023-12-05 23:30:00,1.0,1.0,1.0,1.0,16.0,1652.0
2023-12-05 23:35:00,1.0,1.0,1.0,1.0,16.0,1652.0
2023-12-05 23:40:00,1.0,1.0,1.0,2.0,16.0,1653.0
2023-12-05 23:45:00,2.0,1.0,1.0,1.0,14.0,1651.0
2023-12-05 23:50:00,1.0,2.0,1.0,2.0,14.0,1651.0
2023-12-05 23:55:00,2.0,1.0,2.0,1.0,13.0,1651.0
2023-12-06 00:00:00,1.0,2.0,1.0,2.0,12.0,1652.0
2023-12-06 00:05:00,2.0,1.0,2.0,1.0,10.0,1651.0
2023-12-06 00:10:00,1.0,2.0,1.0,1.0,10.0,1651.0
2023-12-06 00:15:00,1.0,1.0,2.0,0.0,9.0,1650.0
2023-12-06 00:20:00,1.0,1.0,1.0,1.0,9.0,1650.0
2023-12-06 00:25:00,1.0,1.0,1.0,3.0,9.0,1649.0
2023-12-06 00:30:00,3.0,1.0,1.0,1.0,6.0,1646.0
2023-12-06 00:35:00,1.0,3.0,1.0,1.0,5.0,1645.0
2023-12-06 00:40:00,1.0,1.0,3.0,0.0,5.0,1644.0
2023-12-06 00:45:00,1.0,1.0,1.0,1.0,6.0,1645.0
2023-12-06 00:50:00,1.0,1.0,1.0,1.0,5.0,1644.0
2023-12-06 00:55:00,1.0,1.0,1.0,0.0,4.0,1643.0
2023-12-06 01:00:00,1.0,1.0,1.0,0.0,5.0,1643.0
2023-12-06 01:05:00,1.0,1.0,1.0,1.0,5.0,1644.0
2023-12-06 01:10:00,1.0,1.0,1.0,0.0,4.0,1644.0
2023-12-06 01:15:00,1.0,1.0,1.0,0.0,4.0,1645.0
2023-12-06 01:20:00,1.0,1.0,1.0,1.0,4.0,1646.0
2023-12-06 01:25:00,1.0,1.0,1.0,0.0,3.0,1645.0
2023-12-06 01:30:00,1.0,1.0,1.0,0.0,3.0,1646.0
2023-12-06 01:35:00,1.0,1.0,1.0,1.0,3.0,1646.0
2023-12-06 01:40:00,1.0,1.0,1.0,1.0,2.0,1645.0
2023-12-06 01:45:00,1.0,1.0,1.0,0.0,1.0,1644.0
2023-12-06 01:50:00,1.0,1.0,1.0,0.0,1.0,1644.0
2023-12-06 01:55:00,1.0,1.0,1.0,1.0,1.0,1644.0
2023-12-06 02:00:00,1.0,1.0,1.0,0.0,0.0,1644.0
2023-12-06 02:05:00,1.0,1.0,1.0,0.0,0.0,1645.0
2023-12-06 02:10:00,1.0,1.0,1.0,0.0,0.0,1645.0
2023-12-06 02:15:00,1.0,1.0,1.0,0.0,0.0,1645.0
2023-12-06 02:20:00,1.0,1.0,1.0,0.0,1.0,1646.0
2023-12-06 02:25:00,1.0,1.0,1.0,0.0,1.0,1646.0
2023-12-06 02:30:00,1.0,1.0,1.0,0.0,1.0,1646.0
2023-12-06 02:35:00,1.0,1.0,1.0,0.0,2.0,1646.0
2023-12-06 02:40:00,1.0,1.0,1.0,0.0,2.0,1646.0
2023-12-06 02:45:00,1.0,1.0,1.0,0.0,2.0,1646.0
2023-12-06 02:50:00,1.0,1.0,1.0,0.0,2.0,1646.0
2023-12-06 02:55:00,1.0,1.0,1.0,0.0,2.0,1646.0
2023-12-06 03:00:00,1.0,1.0,1.0,0.0,2.0,1646.0
2023-12-06 03:05:00,1.0,1.0,1.0,0.0,2.0,1646.0
2023-12-06 03:10:00,1.0,1.0,1.0,0.0,2.0,1646.0
2023-12-06 03:15:00,1.0,1.0,1.0,1.0,2.0,1646.0
2023-12-06 03:20:00,1.0,1.0,1.0,0.0,2.0,1646.0
2023-12-06 03:25:00,1.0,1.0,1.0,0.0,3.0,1646.0
2023-12-06 03:30:00,1.0,1.0,1.0,1.0,3.0,1646.0
2023-12-06 03:35:00,1.0,1.0,1.0,0.0,2.0,1645.0
2023-12-06 03:40:00,1.0,1.0,1.0,0.0,2.0,1645.0
2023-12-06 03:45:00,1.0,1.0,1.0,0.0,2.0,1645.0
2023-12-06 03:50:00,1.0,1.0,1.0,0.0,2.0,1645.0
2023-12-06 03:55:00,1.0,1.0,1.0,0.0,2.0,1646.0
2023-12-06 04:00:00,1.0,1.0,1.0,0.0,3.0,1647.0
2023-12-06 04:05:00,1.0,1.0,1.0,0.0,4.0,1647.0
2023-12-06 04:10:00,1.0,1.0,1.0,0.0,4.0,1648.0
2023-12-06 04:15:00,1.0,1.0,1.0,1.0,5.0,1648.0
2023-12-06 04:20:00,1.0,1.0,1.0,1.0,5.0,1647.0
2023-12-06 04:25:00,1.0,1.0,1.0,0.0,5.0,1646.0
2023-12-06 04:30:00,1.0,1.0,1.0,0.0,6.0,1646.0
2023-12-06 04:35:00,1.0,1.0,1.0,0.0,8.0,1646.0
2023-12-06 04:40:00,1.0,1.0,1.0,0.0,12.0,1646.0
2023-12-06 04:45:00,1.0,1.0,1.0,0.0,13.0,1648.0
2023-12-06 04:50:00,1.0,1.0,1.0,0.0,13.0,1648.0
2023-12-06 04:55:00,1.0,1.0,1.0,1.0,13.0,1648.0
2023-12-06 05:00:00,1.0,1.0,1.0,1.0,14.0,1648.0
2023-12-06 05:05:00,1.0,1.0,1.0,0.0,13.0,1647.0
2023-12-06 05:10:00,1.0,1.0,1.0,1.0,15.0,1648.0
2023-12-06 05:15:00,1.0,1.0,1.0,1.0,16.0,1647.0
2023-12-06 05:20:00,1.0,1.0,1.0,1.0,17.0,1646.0
2023-12-06 05:25:00,1.0,1.0,1.0,1.0,18.0,1647.0
2023-12-06 05:30:00,1.0,1.0,1.0,2.0,26.0,1647.0
2023-12-06 05:35:00,2.0,1.0,1.0,4.0,26.0,1648.0
2023-12-06 05:40:00,4.0,2.0,1.0,1.0,27.0,1644.0
2023-12-06 05:45:00,1.0,4.0,2.0,0.0,33.0,1643.0
2023-12-06 05:50:00,1.0,1.0,4.0,0.0,38.0,1643.0
2023-12-06 05:55:00,1.0,1.0,1.0,2.0,43.0,1643.0
2023-12-06 06:00:00,2.0,1.0,1.0,0.0,46.0,1642.0
2023-12-06 06:05:00,1.0,2.0,1.0,2.0,49.0,1644.0
2023-12-06 06:10:00,2.0,1.0,2.0,2.0,60.0,1644.0
2023-12-06 06:15:00,2.0,2.0,1.0,2.0,72.0,1643.0
2023-12-06 06:20:00,2.0,2.0,2.0,2.0,80.0,1643.0
2023-12-06 06:25:00,2.0,2.0,2.0,9.0,90.0,1644.0
2023-12-06 06:30:00,9.0,2.0,2.0,2.0,90.0,1637.0
2023-12-06 06:35:00,2.0,9.0,2.0,5.0,96.0,1638.0
2023-12-06 06:40:00,5.0,2.0,9.0,7.0,99.0,1637.0
2023-12-06 06:45:00,7.0,5.0,2.0,5.0,108.0,1633.0
2023-12-06 06:50:00,5.0,7.0,5.0,5.0,112.0,1632.0
2023-12-06 06:55:00,5.0,5.0,7.0,5.0,116.0,1633.0
2023-12-06 07:00:00,5.0,5.0,5.0,3.0,124.0,1636.0
2023-12-06 07:05:00,3.0,5.0,5.0,13.0,131.0,1640.0
2023-12-06 07:10:00,13.0,3.0,5.0,14.0,127.0,1637.0
2023-12-06 07:15:00,14.0,13.0,3.0,10.0,123.0,1635.0
2023-12-06 07:20:00,10.0,14.0,13.0,12.0,128.0,1634.0
2023-12-06 07:25:00,12.0,10.0,14.0,9.0,133.0,1633.0
2023-12-06 07:30:00,9.0,12.0,10.0,8.0,136.0,1632.0
2023-12-06 07:35:00,8.0,9.0,12.0,8.0,134.0,1630.0
2023-12-06 07:40:00,8.0,8.0,9.0,16.0,136.0,1633.0
2023-12-06 07:45:00,16.0,8.0,8.0,9.0,131.0,1629.0
2023-12-06 07:50:00,9.0,16.0,8.0,9.0,144.0,1629.0
2023-12-06 07:55:00,9.0,9.0,16.0,13.0,145.0,1631.0
2023-12-06 08:00:00,13.0,9.0,9.0,10.0,139.0,1629.0
2023-12-06 08:05:00,10.0,13.0,9.0,9.0,146.0,1631.0
2023-12-06 08:10:00,9.0,10.0,13.0,10.0,146.0,1638.0
2023-12-06 08:15:00,10.0,9.0,10.0,15.0,152.0,1645.0
2023-12-06 08:20:00,15.0,10.0,9.0,17.0,142.0,1642.0
2023-12-06 08:25:00,17.0,15.0,10.0,12.0,139.0,1638.0
2023-12-06 08:30:00,12.0,17.0,15.0,6.0,132.0,1638.0
2023-12-06 08:35:00,6.0,12.0,17.0,10.0,138.0,1653.0
2023-12-06 08:40:00,10.0,6.0,12.0,11.0,141.0,1649.0
2023-12-06 08:45:00,11.0,10.0,6.0,22.0,140.0,1647.0
2023-12-06 08:50:00,22.0,11.0,10.0,10.0,131.0,1635.0
2023-12-06 08:55:00,10.0,22.0,11.0,7.0,128.0,1638.0
2023-12-06 09:00:00,7.0,10.0,22.0,17.0,135.0,1646.0
2023-12-06 09:05:00,17.0,7.0,10.0,9.0,126.0,1636.0
2023-12-06 09:10:00,9.0,17.0,7.0,16.0,126.0,1641.0
2023-12-06 09:15:00,16.0,9.0,17.0,5.0,129.0,1638.0
2023-12-06 09:20:00,5.0,16.0,9.0,14.0,138.0,1642.0
2023-12-06 09:25:00,14.0,5.0,16.0,5.0,139.0,1641.0
2023-12-06 09:30:00,5.0,14.0,5.0,12.0,146.0,1645.0
2023-12-06 09:35:00,12.0,5.0,14.0,13.0,143.0,1648.0
2023-12-06 09:40:00,13.0,12.0,5.0,10.0,141.0,1643.0
2023-12-06 09:45:00,10.0,13.0,12.0,13.0,145.0,1640.0
2023-12-06 09:50:00,13.0,10.0,13.0,7.0,141.0,1635.0
2023-12-06 09:55:00,7.0,13.0,10.0,14.0,144.0,1642.0
2023-12-06 10:00:00,14.0,7.0,13.0,8.0,140.0,1637.0
2023-12-06 10:05:00,8.0,14.0,7.0,9.0,146.0,1639.0
2023-12-06 10:10:00,9.0,8.0,14.0,19.0,147.0,1640.0
2023-12-06 10:15:00,19.0,9.0,8.0,14.0,140.0,1635.0
2023-12-06 10:20:00,14.0,19.0,9.0,15.0,136.0,1625.0
2023-12-06 10:25:00,15.0,14.0,19.0,12.0,134.0,1619.0
2023-12-06 10:30:00,12.0,15.0,14.0,9.0,134.0,1619.0
2023-12-06 10:35:00,9.0,12.0,15.0,11.0,137.0,1616.0
2023-12-06 10:40:00,11.0,9.0,12.0,14.0,142.0,1622.0
2023-12-06 10:45:00,14.0,11.0,9.0,9.0,137.0,1614.0
2023-12-06 10:50:00,9.0,14.0,11.0,10.0,135.0,1620.0
2023-12-06 10:55:00,10.0,9.0,14.0,10.0,138.0,1617.0
2023-12-06 11:00:00,10.0,10.0,9.0,14.0,144.0,1616.0
2023-12-06 11:05:00,14.0,10.0,10.0,10.0,136.0,1616.0
2023-12-06 11:10:00,10.0,14.0,10.0,12.0,136.0,1615.0
2023-12-06 11:15:00,12.0,10.0,14.0,10.0,135.0,1613.0
2023-12-06 11:20:00,10.0,12.0,10.0,13.0,133.0,1616.0
2023-12-06 11:25:00,13.0,10.0,12.0,12.0,133.0,1609.0
2023-12-06 11:30:00,12.0,13.0,10.0,12.0,132.0,1608.0
2023-12-06 11:35:00,12.0,12.0,13.0,16.0,123.0,1604.0
2023-12-06 11:40:00,16.0,12.0,12.0,9.0,115.0,1596.0
2023-12-06 11:45:00,9.0,16.0,12.0,7.0,118.0,1598.0
2023-12-06 11:50:00,7.0,9.0,16.0,13.0,123.0,1600.0
2023-12-06 11:55:00,13.0,7.0,9.0,16.0,118.0,1601.0
2023-12-06 12:00:00,16.0,13.0,7.0,6.0,115.0,1591.0
2023-12-06 12:05:00,6.0,16.0,13.0,10.0,116.0,1594.0
2023-12-06 12:10:00,10.0,6.0,16.0,11.0,115.0,1590.0
2023-12-06 12:15:00,11.0,10.0,6.0,8.0,112.0,1586.0
2023-12-06 12:20:00,8.0,11.0,10.0,13.0,111.0,1589.0
2023-12-06 12:25:00,13.0,8.0,11.0,11.0,107.0,1587.0
2023-12-06 12:30:00,11.0,13.0,8.0,3.0,102.0,1586.0
2023-12-06 12:35:00,3.0,11.0,13.0,8.0,113.0,1589.0
2023-12-06 12:40:00,8.0,3.0,11.0,12.0,110.0,1591.0
2023-12-06 12:45:00,12.0,8.0,3.0,12.0,105.0,1584.0
2023-12-06 12:50:00,12.0,12.0,8.0,8.0,102.0,1584.0
2023-12-06 12:55:00,8.0,12.0,12.0,13.0,107.0,1584.0
2023-12-06 13:00:00,13.0,8.0,12.0,7.0,105.0,1581.0
2023-12-06 13:05:00,7.0,13.0,8.0,9.0,115.0,1584.0
2023-12-06 13:10:00,9.0,7.0,13.0,8.0,117.0,1585.0
2023-12-06 13:15:00,8.0,9.0,7.0,7.0,116.0,1585.0
2023-12-06 13:20:00,7.0,8.0,9.0,9.0,119.0,1586.0
2023-12-06 13:25:00,9.0,7.0,8.0,6.0,119.0,1589.0
2023-12-06 13:30:00,6.0,9.0,7.0,14.0,124.0,1595.0
2023-12-06 13:35:00,14.0,6.0,9.0,5.0,121.0,1590.0
2023-12-06 13:40:00,5.0,14.0,6.0,7.0,125.0,1595.0
2023-12-06 13:45:00,7.0,5.0,14.0,9.0,125.0,1600.0
2023-12-06 13:50:00,9.0,7.0,5.0,13.0,129.0,1604.0
2023-12-06 13:55:00,13.0,9.0,7.0,11.0,120.0,1597.0
2023-12-06 14:00:00,11.0,13.0,9.0,17.0,115.0,1594.0
2023-12-06 14:05:00,17.0,11.0,13.0,11.0,104.0,1580.0
2023-12-06 14:10:00,11.0,17.0,11.0,7.0,102.0,1578.0
2023-12-06 14:15:00,7.0,11.0,17.0,10.0,105.0,1576.0
2023-12-06 14:20:00,10.0,7.0,11.0,9.0,104.0,1578.0
2023-12-06 14:25:00,9.0,10.0,7.0,11.0,107.0,1577.0
2023-12-06 14:30:00,11.0,9.0,10.0,11.0,103.0,1576.0
2023-12-06 14:35:00,11.0,11.0,9.0,9.0,104.0,1574.0
2023-12-06 14:40:00,9.0,11.0,11.0,7.0,104.0,1575.0
2023-12-06 14:45:00,7.0,9.0,11.0,13.0,102.0,1579.0
2023-12-06 14:50:00,13.0,7.0,9.0,4.0,99.0,1576.0
2023-12-06 14:55:00,4.0,13.0,7.0,6.0,111.0,1581.0
2023-12-06 15:00:00,6.0,4.0,13.0,6.0,112.0,1583.0
2023-12-06 15:05:00,6.0,6.0,4.0,9.0,115.0,1587.0
2023-12-06 15:10:00,9.0,6.0,6.0,10.0,113.0,1589.0
2023-12-06 15:15:00,10.0,9.0,6.0,9.0,113.0,1591.0
2023-12-06 15:20:00,9.0,10.0,9.0,12.0,116.0,1590.0
2023-12-06 15:25:00,12.0,9.0,10.0,7.0,105.0,1587.0
2023-12-06 15:30:00,7.0,12.0,9.0,12.0,108.0,1590.0
2023-12-06 15:35:00,12.0,7.0,12.0,9.0,107.0,1591.0
2023-12-06 15:40:00,9.0,12.0,7.0,5.0,108.0,1597.0
2023-12-06 15:45:00,5.0,9.0,12.0,10.0,110.0,1605.0
2023-12-06 15:50:00,10.0,5.0,9.0,16.0,109.0,1600.0
2023-12-06 15:55:00,16.0,10.0,5.0,7.0,101.0,1599.0
2023-12-06 16:00:00,7.0,16.0,10.0,9.0,106.0,1599.0
2023-12-06 16:05:00,9.0,7.0,16.0,7.0,111.0,1591.0
2023-12-06 16:10:00,7.0,9.0,7.0,10.0,114.0,1584.0
2023-12-06 16:15:00,10.0,7.0,9.0,12.0,115.0,1582.0
2023-12-06 16:20:00,12.0,10.0,7.0,1.0,110.0,1572.0
2023-12-06 16:25:00,1.0,12.0,10.0,10.0,123.0,1580.0
2023-12-06 16:30:00,10.0,1.0,12.0,11.0,119.0,1575.0
2023-12-06 16:35:00,11.0,10.0,1.0,10.0,118.0,1566.0
2023-12-06 16:40:00,10.0,11.0,10.0,7.0,123.0,1567.0
2023-12-06 16:45:00,7.0,10.0,11.0,9.0,127.0,1561.0
2023-12-06 16:50:00,9.0,7.0,10.0,8.0,126.0,1563.0
2023-12-06 16:55:00,8.0,9.0,7.0,12.0,122.0,1562.0
2023-12-06 17:00:00,12.0,8.0,9.0,14.0,119.0,1555.0
2023-12-06 17:05:00,14.0,12.0,8.0,10.0,115.0,1542.0
2023-12-06 17:10:00,10.0,14.0,12.0,11.0,109.0,1543.0
2023-12-06 17:15:00,11.0,10.0,14.0,7.0,105.0,1532.0
2023-12-06 17:20:00,7.0,11.0,10.0,14.0,106.0,1525.0
2023-12-06 17:25:00,14.0,7.0,11.0,6.0,95.0,1518.0
2023-12-06 17:30:00,6.0,14.0,7.0,10.0,100.0,1512.0
2023-12-06 17:35:00,10.0,6.0,14.0,15.0,96.0,1502.0
2023-12-06 17:40:00,15.0,10.0,6.0,11.0,85.0,1488.0
2023-12-06 17:45:00,11.0,15.0,10.0,8.0,81.0,1483.0
2023-12-06 17:50:00,8.0,11.0,15.0,4.0,76.0,1475.0
2023-12-06 17:55:00,4.0,8.0,11.0,9.0,77.0,1472.0
2023-12-06 18:00:00,9.0,4.0,8.0,10.0,70.0,1468.0
2023-12-06 18:05:00,10.0,9.0,4.0,4.0,68.0,1459.0
2023-12-06 18:10:00,4.0,10.0,9.0,7.0,67.0,1455.0
2023-12-06 18:15:00,7.0,4.0,10.0,8.0,63.0,1450.0
2023-12-06 18:20:00,8.0,7.0,4.0,3.0,58.0,1442.0
2023-12-06 18:25:00,3.0,8.0,7.0,11.0,61.0,1439.0
2023-12-06 18:30:00,11.0,3.0,8.0,6.0,53.0,1428.0
2023-12-06 18:35:00,6.0,11.0,3.0,4.0,49.0,1425.0
2023-12-06 18:40:00,4.0,6.0,11.0,7.0,52.0,1421.0
2023-12-06 18:45:00,7.0,4.0,6.0,3.0,50.0,1414.0
2023-12-06 18:50:00,3.0,7.0,4.0,5.0,51.0,1415.0
2023-12-06 18:55:00,5.0,3.0,7.0,2.0,49.0,1418.0
2023-12-06 19:00:00,2.0,5.0,3.0,8.0,49.0,1416.0
2023-12-06 19:05:00,8.0,2.0,5.0,3.0,49.0,1408.0
2023-12-06 19:10:00,3.0,8.0,2.0,3.0,50.0,1408.0
2023-12-06 19:15:00,3.0,3.0,8.0,3.0,51.0,1406.0
2023-12-06 19:20:00,3.0,3.0,3.0,6.0,49.0,1403.0
2023-12-06 19:25:00,6.0,3.0,3.0,3.0,46.0,1402.0
2023-12-06 19:30:00,3.0,6.0,3.0,2.0,47.0,1399.0
2023-12-06 19:35:00,2.0,3.0,6.0,7.0,48.0,1397.0
2023-12-06 19:40:00,7.0,2.0,3.0,5.0,42.0,1390.0
2023-12-06 19:45:00,5.0,7.0,2.0,4.0,39.0,1390.0
2023-12-06 19:50:00,4.0,5.0,7.0,3.0,37.0,1389.0
2023-12-06 19:55:00,3.0,4.0,5.0,2.0,36.0,1386.0
2023-12-06 20:00:00,2.0,3.0,4.0,8.0,37.0,1389.0
2023-12-06 20:05:00,8.0,2.0,3.0,4.0,32.0,1384.0
2023-12-06 20:10:00,4.0,8.0,2.0,4.0,34.0,1381.0
2023-12-06 20:15:00,4.0,4.0,8.0,1.0,34.0,1379.0
2023-12-06 20:20:00,1.0,4.0,4.0,3.0,36.0,1378.0
2023-12-06 20:25:00,3.0,1.0,4.0,4.0,36.0,1375.0
2023-12-06 20:30:00,4.0,3.0,1.0,3.0,33.0,1371.0
2023-12-06 20:35:00,3.0,4.0,3.0,1.0,36.0,1369.0
2023-12-06 20:40:00,1.0,3.0,4.0,2.0,36.0,1368.0
2023-12-06 20:45:00,2.0,1.0,3.0,2.0,36.0,1366.0
2023-12-06 20:50:00,2.0,2.0,1.0,2.0,35.0,1365.0
2023-12-06 20:55:00,2.0,2.0,2.0,3.0,35.0,1364.0
2023-12-06 21:00:00,3.0,2.0,2.0,3.0,33.0,1365.0
2023-12-06 21:05:00,3.0,3.0,2.0,6.0,31.0,1363.0
2023-12-06 21:10:00,6.0,3.0,3.0,4.0,25.0,1360.0
2023-12-06 21:15:00,4.0,6.0,3.0,3.0,22.0,1361.0
2023-12-06 21:20:00,3.0,4.0,6.0,3.0,20.0,1361.0
2023-12-06 21:25:00,3.0,3.0,4.0,1.0,18.0,1363.0
2023-12-06 21:30:00,1.0,3.0,3.0,6.0,20.0,1364.0
2023-12-06 21:35:00,6.0,1.0,3.0,1.0,15.0,1366.0
2023-12-06 21:40:00,1.0,6.0,1.0,2.0,16.0,1365.0
2023-12-06 21:45:00,2.0,1.0,6.0,1.0,14.0,1366.0
2023-12-06 21:50:00,1.0,2.0,1.0,2.0,14.0,1367.0
2023-12-06 21:55:00,2.0,1.0,2.0,1.0,13.0,1369.0
2023-12-06 22:00:00,1.0,2.0,1.0,1.0,13.0,1369.0
2023-12-06 22:05:00,1.0,1.0,2.0,0.0,13.0,1369.0
2023-12-06 22:10:00,1.0,1.0,1.0,1.0,14.0,1370.0
2023-12-06 22:15:00,1.0,1.0,1.0,1.0,14.0,1370.0
2023-12-06 22:20:00,1.0,1.0,1.0,1.0,13.0,1370.0
2023-12-06 22:25:00,1.0,1.0,1.0,3.0,12.0,1371.0
2023-12-06 22:30:00,3.0,1.0,1.0,1.0,12.0,1369.0
2023-12-06 22:35:00,1.0,3.0,1.0,2.0,12.0,1368.0
2023-12-06 22:40:00,2.0,1.0,3.0,0.0,12.0,1367.0
2023-12-06 22:45:00,1.0,2.0,1.0,1.0,12.0,1367.0
2023-12-06 22:50:00,1.0,1.0,2.0,1.0,12.0,1366.0
2023-12-06 22:55:00,1.0,1.0,1.0,1.0,13.0,1365.0
2023-12-06 23:00:00,1.0,1.0,1.0,1.0,14.0,1367.0
2023-12-06 23:05:00,1.0,1.0,1.0,1.0,14.0,1366.0
2023-12-06 23:10:00,1.0,1.0,1.0,1.0,14.0,1365.0
2023-12-06 23:15:00,1.0,1.0,1.0,0.0,13.0,1366.0
2023-12-06 23:20:00,1.0,1.0,1.0,0.0,13.0,1368.0
2023-12-06 23:25:00,1.0,1.0,1.0,3.0,13.0,1368.0
2023-12-06 23:30:00,3.0,1.0,1.0,1.0,10.0,1367.0
2023-12-06 23:35:00,1.0,3.0,1.0,2.0,9.0,1368.0
2023-12-06 23:40:00,2.0,1.0,3.0,0.0,7.0,1367.0
2023-12-06 23:45:00,1.0,2.0,1.0,1.0,8.0,1370.0
2023-12-06 23:50:00,1.0,1.0,2.0,2.0,7.0,1370.0
2023-12-06 23:55:00,2.0,1.0,1.0,2.0,5.0,1368.0
2023-12-07 00:00:00,2.0,2.0,1.0,1.0,3.0,1368.0
2023-12-07 00:05:00,1.0,2.0,2.0,1.0,3.0,1367.0
2023-12-07 00:10:00,1.0,1.0,2.0,0.0,3.0,1368.0
2023-12-07 00:15:00,1.0,1.0,1.0,0.0,4.0,1368.0
2023-12-07 00:20:00,1.0,1.0,1.0,0.0,5.0,1370.0
2023-12-07 00:25:00,1.0,1.0,1.0,0.0,5.0,1370.0
2023-12-07 00:30:00,1.0,1.0,1.0,0.0,6.0,1371.0
2023-12-07 00:35:00,1.0,1.0,1.0,0.0,6.0,1373.0
2023-12-07 00:40:00,1.0,1.0,1.0,1.0,6.0,1374.0
2023-12-07 00:45:00,1.0,1.0,1.0,0.0,5.0,1374.0
2023-12-07 00:50:00,1.0,1.0,1.0,0.0,5.0,1375.0
2023-12-07 00:55:00,1.0,1.0,1.0,0.0,5.0,1375.0
2023-12-07 01:00:00,1.0,1.0,1.0,1.0,6.0,1376.0
2023-12-07 01:05:00,1.0,1.0,1.0,1.0,6.0,1376.0
2023-12-07 01:10:00,1.0,1.0,1.0,1.0,5.0,1375.0
2023-12-07 01:15:00,1.0,1.0,1.0,1.0,4.0,1376.0
2023-12-07 01:20:00,1.0,1.0,1.0,0.0,4.0,1375.0
2023-12-07 01:25:00,1.0,1.0,1.0,1.0,4.0,1375.0
2023-12-07 01:30:00,1.0,1.0,1.0,0.0,3.0,1374.0
2023-12-07 01:35:00,1.0,1.0,1.0,0.0,3.0,1376.0
2023-12-07 01:40:00,1.0,1.0,1.0,0.0,3.0,1377.0
2023-12-07 01:45:00,1.0,1.0,1.0,0.0,3.0,1377.0
2023-12-07 01:50:00,1.0,1.0,1.0,0.0,3.0,1377.0
2023-12-07 01:55:00,1.0,1.0,1.0,1.0,3.0,1378.0
2023-12-07 02:00:00,1.0,1.0,1.0,1.0,2.0,1377.0
2023-12-07 02:05:00,1.0,1.0,1.0,0.0,1.0,1377.0
2023-12-07 02:10:00,1.0,1.0,1.0,0.0,1.0,1378.0
2023-12-07 02:15:00,1.0,1.0,1.0,1.0,1.0,1378.0
2023-12-07 02:20:00,1.0,1.0,1.0,0.0,1.0,1377.0
2023-12-07 02:25:00,1.0,1.0,1.0,0.0,1.0,1378.0
2023-12-07 02:30:00,1.0,1.0,1.0,0.0,1.0,1379.0
2023-12-07 02:35:00,1.0,1.0,1.0,0.0,1.0,1379.0
2023-12-07 02:40:00,1.0,1.0,1.0,0.0,1.0,1379.0
2023-12-07 02:45:00,1.0,1.0,1.0,0.0,1.0,1379.0
2023-12-07 02:50:00,1.0,1.0,1.0,0.0,1.0,1379.0
2023-12-07 02:55:00,1.0,1.0,1.0,0.0,2.0,1379.0
2023-12-07 03:00:00,1.0,1.0,1.0,0.0,3.0,1379.0
2023-12-07 03:05:00,1.0,1.0,1.0,0.0,3.0,1379.0
2023-12-07 03:10:00,1.0,1.0,1.0,0.0,4.0,1379.0
2023-12-07 03:15:00,1.0,1.0,1.0,1.0,4.0,1379.0
2023-12-07 03:20:00,1.0,1.0,1.0,0.0,3.0,1378.0
2023-12-07 03:25:00,1.0,1.0,1.0,0.0,3.0,1378.0
2023-12-07 03:30:00,1.0,1.0,1.0,0.0,3.0,1378.0
2023-12-07 03:35:00,1.0,1.0,1.0,0.0,3.0,1378.0
2023-12-07 03:40:00,1.0,1.0,1.0,0.0,3.0,1378.0
2023-12-07 03:45:00,1.0,1.0,1.0,0.0,5.0,1378.0
2023-12-07 03:50:00,1.0,1.0,1.0,1.0,5.0,1378.0
2023-12-07 03:55:00,1.0,1.0,1.0,1.0,4.0,1377.0
2023-12-07 04:00:00,1.0,1.0,1.0,0.0,4.0,1376.0
2023-12-07 04:05:00,1.0,1.0,1.0,1.0,4.0,1377.0
2023-12-07 04:10:00,1.0,1.0,1.0,0.0,4.0,1377.0
2023-12-07 04:15:00,1.0,1.0,1.0,0.0,4.0,1377.0
2023-12-07 04:20:00,1.0,1.0,1.0,0.0,4.0,1377.0
2023-12-07 04:25:00,1.0,1.0,1.0,0.0,6.0,1377.0
2023-12-07 04:30:00,1.0,1.0,1.0,0.0,7.0,1377.0
2023-12-07 04:35:00,1.0,1.0,1.0,0.0,10.0,1377.0
2023-12-07 04:40:00,1.0,1.0,1.0,2.0,10.0,1377.0
2023-12-07 04:45:00,2.0,1.0,1.0,0.0,8.0,1376.0
2023-12-07 04:50:00,1.0,2.0,1.0,0.0,8.0,1376.0
2023-12-07 04:55:00,1.0,1.0,2.0,1.0,8.0,1378.0
2023-12-07 05:00:00,1.0,1.0,1.0,0.0,8.0,1378.0
2023-12-07 05:05:00,1.0,1.0,1.0,1.0,10.0,1379.0
2023-12-07 05:10:00,1.0,1.0,1.0,0.0,11.0,1379.0
2023-12-07 05:15:00,1.0,1.0,1.0,0.0,12.0,1379.0
2023-12-07 05:20:00,1.0,1.0,1.0,2.0,14.0,1379.0
2023-12-07 05:25:00,2.0,1.0,1.0,1.0,15.0,1378.0
2023-12-07 05:30:00,1.0,2.0,1.0,3.0,16.0,1379.0
2023-12-07 05:35:00,3.0,1.0,2.0,0.0,16.0,1379.0
2023-12-07 05:40:00,1.0,3.0,1.0,0.0,20.0,1379.0
2023-12-07 05:45:00,1.0,1.0,3.0,0.0,23.0,1380.0
2023-12-07 05:50:00,1.0,1.0,1.0,0.0,27.0,1382.0
2023-12-07 05:55:00,1.0,1.0,1.0,1.0,33.0,1384.0
2023-12-07 06:00:00,1.0,1.0,1.0,2.0,40.0,1386.0
2023-12-07 06:05:00,2.0,1.0,1.0,2.0,45.0,1384.0
2023-12-07 06:10:00,2.0,2.0,1.0,1.0,53.0,1383.0
2023-12-07 06:15:00,1.0,2.0,2.0,2.0,64.0,1383.0
2023-12-07 06:20:00,2.0,1.0,2.0,3.0,71.0,1384.0
2023-12-07 06:25:00,3.0,2.0,1.0,2.0,79.0,1383.0
2023-12-07 06:30:00,2.0,3.0,2.0,3.0,85.0,1384.0
2023-12-07 06:35:00,3.0,2.0,3.0,4.0,88.0,1385.0
2023-12-07 06:40:00,4.0,3.0,2.0,3.0,95.0,1383.0
2023-12-07 06:45:00,3.0,4.0,3.0,4.0,104.0,1382.0
2023-12-07 06:50:00,4.0,3.0,4.0,6.0,109.0,1385.0
2023-12-07 06:55:00,6.0,4.0,3.0,8.0,114.0,1384.0
2023-12-07 07:00:00,8.0,6.0,4.0,7.0,117.0,1383.0
2023-12-07 07:05:00,7.0,8.0,6.0,10.0,122.0,1384.0
2023-12-07 07:10:00,10.0,7.0,8.0,12.0,128.0,1381.0
2023-12-07 07:15:00,12.0,10.0,7.0,9.0,133.0,1381.0
2023-12-07 07:20:00,9.0,12.0,10.0,11.0,136.0,1377.0
2023-12-07 07:25:00,11.0,9.0,12.0,8.0,138.0,1377.0
2023-12-07 07:30:00,8.0,11.0,9.0,6.0,142.0,1378.0
2023-12-07 07:35:00,6.0,8.0,11.0,11.0,157.0,1381.0
2023-12-07 07:40:00,11.0,6.0,8.0,12.0,152.0,1380.0
2023-12-07 07:45:00,12.0,11.0,6.0,9.0,149.0,1378.0
2023-12-07 07:50:00,9.0,12.0,11.0,11.0,150.0,1378.0
2023-12-07 07:55:00,11.0,9.0,12.0,11.0,152.0,1379.0
2023-12-07 08:00:00,11.0,11.0,9.0,12.0,156.0,1378.0
2023-12-07 08:05:00,12.0,11.0,11.0,16.0,151.0,1370.0
2023-12-07 08:10:00,16.0,12.0,11.0,17.0,149.0,1357.0
2023-12-07 08:15:00,17.0,16.0,12.0,12.0,145.0,1353.0
2023-12-07 08:20:00,12.0,17.0,16.0,13.0,142.0,1343.0
2023-12-07 08:25:00,13.0,12.0,17.0,12.0,142.0,1330.0
2023-12-07 08:30:00,12.0,13.0,12.0,21.0,139.0,1320.0
2023-12-07 08:35:00,21.0,12.0,13.0,6.0,133.0,1306.0
2023-12-07 08:40:00,6.0,21.0,12.0,9.0,135.0,1304.0
2023-12-07 08:45:00,9.0,6.0,21.0,10.0,133.0,1304.0
2023-12-07 08:50:00,10.0,9.0,6.0,13.0,131.0,1303.0
2023-12-07 08:55:00,13.0,10.0,9.0,15.0,132.0,1292.0
2023-12-07 09:00:00,15.0,13.0,10.0,7.0,126.0,1277.0
2023-12-07 09:05:00,7.0,15.0,13.0,14.0,129.0,1276.0
2023-12-07 09:10:00,14.0,7.0,15.0,13.0,125.0,1271.0
2023-12-07 09:15:00,13.0,14.0,7.0,9.0,126.0,1268.0
2023-12-07 09:20:00,9.0,13.0,14.0,13.0,121.0,1261.0
2023-12-07 09:25:00,13.0,9.0,13.0,9.0,117.0,1259.0
2023-12-07 09:30:00,9.0,13.0,9.0,15.0,120.0,1266.0
2023-12-07 09:35:00,15.0,9.0,13.0,8.0,111.0,1267.0
2023-12-07 09:40:00,8.0,15.0,9.0,7.0,120.0,1267.0
2023-12-07 09:45:00,7.0,8.0,15.0,8.0,119.0,1273.0
2023-12-07 09:50:00,8.0,7.0,8.0,14.0,126.0,1273.0
2023-12-07 09:55:00,14.0,8.0,7.0,9.0,119.0,1261.0
2023-12-07 10:00:00,9.0,14.0,8.0,10.0,119.0,1256.0
2023-12-07 10:05:00,10.0,9.0,14.0,10.0,123.0,1250.0
2023-12-07 10:10:00,10.0,10.0,9.0,14.0,122.0,1247.0
2023-12-07 10:15:00,14.0,10.0,10.0,4.0,118.0,1239.0
2023-12-07 10:20:00,4.0,14.0,10.0,9.0,127.0,1250.0
2023-12-07 10:25:00,9.0,4.0,14.0,12.0,124.0,1253.0
2023-12-07 10:30:00,12.0,9.0,4.0,6.0,123.0,1251.0
2023-12-07 10:35:00,6.0,12.0,9.0,17.0,125.0,1254.0
2023-12-07 10:40:00,17.0,6.0,12.0,6.0,116.0,1249.0
2023-12-07 10:45:00,6.0,17.0,6.0,15.0,121.0,1256.0
2023-12-07 10:50:00,15.0,6.0,17.0,7.0,115.0,1256.0
2023-12-07 10:55:00,7.0,15.0,6.0,9.0,122.0,1261.0
2023-12-07 11:00:00,9.0,7.0,15.0,14.0,119.0,1260.0
2023-12-07 11:05:00,14.0,9.0,7.0,9.0,114.0,1256.0
2023-12-07 11:10:00,9.0,14.0,9.0,10.0,111.0,1257.0
2023-12-07 11:15:00,10.0,9.0,14.0,13.0,108.0,1259.0
2023-12-07 11:20:00,13.0,10.0,9.0,6.0,106.0,1256.0
2023-12-07 11:25:00,6.0,13.0,10.0,11.0,111.0,1259.0
2023-12-07 11:30:00,11.0,6.0,13.0,8.0,110.0,1261.0
2023-12-07 11:35:00,8.0,11.0,6.0,8.0,108.0,1256.0
2023-12-07 11:40:00,8.0,8.0,11.0,11.0,110.0,1256.0
2023-12-07 11:45:00,11.0,8.0,8.0,9.0,104.0,1260.0
2023-12-07 11:50:00,9.0,11.0,8.0,14.0,107.0,1260.0
2023-12-07 11:55:00,14.0,9.0,11.0,6.0,101.0,1259.0
2023-12-07 12:00:00,6.0,14.0,9.0,9.0,105.0,1261.0
2023-12-07 12:05:00,9.0,6.0,14.0,6.0,106.0,1255.0
2023-12-07 12:10:00,6.0,9.0,6.0,7.0,110.0,1252.0
2023-12-07 12:15:00,7.0,6.0,9.0,11.0,111.0,1250.0
2023-12-07 12:20:00,11.0,7.0,6.0,11.0,108.0,1239.0
2023-12-07 12:25:00,11.0,11.0,7.0,10.0,109.0,1228.0
2023-12-07 12:30:00,10.0,11.0,11.0,6.0,111.0,1227.0
2023-12-07 12:35:00,6.0,10.0,11.0,10.0,114.0,1233.0
2023-12-07 12:40:00,10.0,6.0,10.0,5.0,114.0,1232.0
2023-12-07 12:45:00,5.0,10.0,6.0,12.0,121.0,1234.0
2023-12-07 12:50:00,12.0,5.0,10.0,8.0,122.0,1232.0
2023-12-07 12:55:00,8.0,12.0,5.0,10.0,120.0,1233.0
2023-12-07 13:00:00,10.0,8.0,12.0,10.0,118.0,1232.0
2023-12-07 13:05:00,10.0,10.0,8.0,10.0,111.0,1231.0
2023-12-07 13:10:00,10.0,10.0,10.0,8.0,110.0,1229.0
2023-12-07 13:15:00,8.0,10.0,10.0,8.0,107.0,1221.0
2023-12-07 13:20:00,8.0,8.0,10.0,12.0,111.0,1214.0
2023-12-07 13:25:00,12.0,8.0,8.0,12.0,107.0,1213.0
2023-12-07 13:30:00,12.0,12.0,8.0,9.0,105.0,1209.0
2023-12-07 13:35:00,9.0,12.0,12.0,10.0,105.0,1209.0
2023-12-07 13:40:00,10.0,9.0,12.0,12.0,105.0,1213.0
2023-12-07 13:45:00,12.0,10.0,9.0,13.0,104.0,1215.0
2023-12-07 13:50:00,13.0,12.0,10.0,6.0,101.0,1208.0
2023-12-07 13:55:00,6.0,13.0,12.0,8.0,104.0,1205.0
2023-12-07 14:00:00,8.0,6.0,13.0,3.0,104.0,1203.0
2023-12-07 14:05:00,3.0,8.0,6.0,9.0,111.0,1208.0
2023-12-07 14:10:00,9.0,3.0,8.0,5.0,113.0,1207.0
2023-12-07 14:15:00,5.0,9.0,3.0,12.0,120.0,1209.0
2023-12-07 14:20:00,12.0,5.0,9.0,8.0,116.0,1201.0
2023-12-07 14:25:00,8.0,12.0,5.0,10.0,117.0,1200.0
2023-12-07 14:30:00,10.0,8.0,12.0,9.0,117.0,1193.0
2023-12-07 14:35:00,9.0,10.0,8.0,10.0,121.0,1195.0
2023-12-07 14:40:00,10.0,9.0,10.0,11.0,126.0,1194.0
2023-12-07 14:45:00,11.0,10.0,9.0,10.0,128.0,1197.0
2023-12-07 14:50:00,10.0,11.0,10.0,9.0,123.0,1198.0
2023-12-07 14:55:00,9.0,10.0,11.0,8.0,129.0,1201.0
2023-12-07 15:00:00,8.0,9.0,10.0,10.0,128.0,1201.0
2023-12-07 15:05:00,10.0,8.0,9.0,11.0,119.0,1204.0
2023-12-07 15:10:00,11.0,10.0,8.0,12.0,108.0,1198.0
2023-12-07 15:15:00,12.0,11.0,10.0,8.0,104.0,1195.0
2023-12-07 15:20:00,8.0,12.0,11.0,9.0,98.0,1200.0
2023-12-07 15:25:00,9.0,8.0,12.0,10.0,98.0,1203.0
2023-12-07 15:30:00,10.0,9.0,8.0,13.0,93.0,1203.0
2023-12-07 15:35:00,13.0,10.0,9.0,15.0,82.0,1201.0
2023-12-07 15:40:00,15.0,13.0,10.0,13.0,78.0,1190.0
