CLEAN_KKMC,Date,Count
G104-K744-省际卡口,2023-12-01,2679
G104-K873-省际卡口,2023-12-01,3643
G206-K816-省际卡口,2023-12-01,1810
G235-K10-市际卡口,2023-12-01,2065
G3-K731-省际卡口,2023-12-01,4428
G310-K310-省际卡口,2023-12-01,1532
G311-K207-省际卡口,2023-12-01,766
G518518-K358-省际卡口,2023-12-01,3103
S250-K1-省际卡口,2023-12-01,2962
S251-K5-省际卡口,2023-12-01,636
S252-K56-省际卡口,2023-12-01,1510
S253-K0-省际卡口,2023-12-01,1529
S323-K10-市际卡口,2023-12-01,745
S323-K96-市际卡口,2023-12-01,3468
S324-K201-市际卡口,2023-12-01,963
S325-K63-市际卡口,2023-12-01,4202
S505-K10-市际卡口,2023-12-01,1082
X308-K19-市际卡口,2023-12-01,935
G104-K744-省际卡口,2023-12-02,3060
G104-K873-省际卡口,2023-12-02,3673
G206-K816-省际卡口,2023-12-02,1867
G235-K10-市际卡口,2023-12-02,3136
G3-K731-省际卡口,2023-12-02,5055
G310-K310-省际卡口,2023-12-02,1792
G311-K207-省际卡口,2023-12-02,879
G518518-K358-省际卡口,2023-12-02,3528
S250-K1-省际卡口,2023-12-02,3307
S251-K5-省际卡口,2023-12-02,787
S252-K56-省际卡口,2023-12-02,2014
S253-K0-省际卡口,2023-12-02,1772
S323-K10-市际卡口,2023-12-02,885
S323-K96-市际卡口,2023-12-02,3779
S324-K201-市际卡口,2023-12-02,1275
S325-K63-市际卡口,2023-12-02,4457
S505-K10-市际卡口,2023-12-02,1266
X308-K19-市际卡口,2023-12-02,1073
G104-K744-省际卡口,2023-12-03,2957
G104-K873-省际卡口,2023-12-03,3460
G206-K816-省际卡口,2023-12-03,1792
G235-K10-市际卡口,2023-12-03,3125
G3-K731-省际卡口,2023-12-03,5273
G310-K310-省际卡口,2023-12-03,1725
G311-K207-省际卡口,2023-12-03,898
G518518-K358-省际卡口,2023-12-03,2286
S250-K1-省际卡口,2023-12-03,3334
S251-K5-省际卡口,2023-12-03,795
S252-K56-省际卡口,2023-12-03,2012
S253-K0-省际卡口,2023-12-03,1693
S323-K10-市际卡口,2023-12-03,907
S323-K96-市际卡口,2023-12-03,3624
S324-K201-市际卡口,2023-12-03,1292
S325-K63-市际卡口,2023-12-03,4312
S505-K10-市际卡口,2023-12-03,1208
X308-K19-市际卡口,2023-12-03,1070
G104-K744-省际卡口,2023-12-04,2940
G104-K873-省际卡口,2023-12-04,3897
G206-K816-省际卡口,2023-12-04,1986
G235-K10-市际卡口,2023-12-04,3321
G237-K148-省际卡口,2023-12-04,2
G3-K731-省际卡口,2023-12-04,5252
G310-K310-省际卡口,2023-12-04,1602
G311-K207-省际卡口,2023-12-04,841
G518518-K358-省际卡口,2023-12-04,3063
S250-K1-省际卡口,2023-12-04,3420
S251-K5-省际卡口,2023-12-04,699
S252-K56-省际卡口,2023-12-04,2175
S253-K0-省际卡口,2023-12-04,1699
S323-K10-市际卡口,2023-12-04,976
S323-K96-市际卡口,2023-12-04,3785
S324-K201-市际卡口,2023-12-04,1154
S325-K63-市际卡口,2023-12-04,4447
S505-K10-市际卡口,2023-12-04,1088
X308-K19-市际卡口,2023-12-04,976
G104-K744-省际卡口,2023-12-05,2351
G104-K873-省际卡口,2023-12-05,3054
G206-K816-省际卡口,2023-12-05,1662
G235-K10-市际卡口,2023-12-05,2256
G3-K731-省际卡口,2023-12-05,4417
G310-K310-省际卡口,2023-12-05,1292
G311-K207-省际卡口,2023-12-05,727
G518518-K358-省际卡口,2023-12-05,3041
S250-K1-省际卡口,2023-12-05,3511
S251-K5-省际卡口,2023-12-05,722
S252-K56-省际卡口,2023-12-05,1514
S253-K0-省际卡口,2023-12-05,1670
S323-K10-市际卡口,2023-12-05,782
S323-K96-市际卡口,2023-12-05,3713
S324-K201-市际卡口,2023-12-05,1106
S325-K63-市际卡口,2023-12-05,4377
S505-K10-市际卡口,2023-12-05,854
X308-K19-市际卡口,2023-12-05,868
G104-K744-省际卡口,2023-12-06,2663
G104-K873-省际卡口,2023-12-06,3602
G206-K816-省际卡口,2023-12-06,1971
G235-K10-市际卡口,2023-12-06,2882
G237-K148-省际卡口,2023-12-06,2
G3-K731-省际卡口,2023-12-06,5156
G310-K310-省际卡口,2023-12-06,1539
G311-K207-省际卡口,2023-12-06,402
G518518-K358-省际卡口,2023-12-06,3023
S250-K1-省际卡口,2023-12-06,3512
S251-K5-省际卡口,2023-12-06,668
S252-K56-省际卡口,2023-12-06,2084
S253-K0-省际卡口,2023-12-06,1651
S323-K10-市际卡口,2023-12-06,974
S323-K96-市际卡口,2023-12-06,4197
S324-K201-市际卡口,2023-12-06,1236
S325-K63-市际卡口,2023-12-06,4550
S505-K10-市际卡口,2023-12-06,1141
X308-K19-市际卡口,2023-12-06,914
G104-K744-省际卡口,2023-12-07,1952
G104-K873-省际卡口,2023-12-07,3129
G206-K816-省际卡口,2023-12-07,1713
G235-K10-市际卡口,2023-12-07,1825
G237-K148-省际卡口,2023-12-07,1
G3-K731-省际卡口,2023-12-07,4161
G310-K310-省际卡口,2023-12-07,1357
G311-K207-省际卡口,2023-12-07,315
G518518-K358-省际卡口,2023-12-07,2598
S250-K1-省际卡口,2023-12-07,3057
S251-K5-省际卡口,2023-12-07,546
S252-K56-省际卡口,2023-12-07,1759
S253-K0-省际卡口,2023-12-07,1368
S323-K10-市际卡口,2023-12-07,744
S323-K96-市际卡口,2023-12-07,2628
S324-K201-市际卡口,2023-12-07,1059
S325-K63-市际卡口,2023-12-07,3735
S505-K10-市际卡口,2023-12-07,912
X308-K19-市际卡口,2023-12-07,768
G104-K744-省际卡口,2023-12-08,1754
G104-K873-省际卡口,2023-12-08,2680
G206-K816-省际卡口,2023-12-08,1349
G235-K10-市际卡口,2023-12-08,1610
G3-K731-省际卡口,2023-12-08,3136
G310-K310-省际卡口,2023-12-08,1183
G311-K207-省际卡口,2023-12-08,1325
G518518-K358-省际卡口,2023-12-08,1929
S250-K1-省际卡口,2023-12-08,2395
S251-K5-省际卡口,2023-12-08,465
S252-K56-省际卡口,2023-12-08,1340
S253-K0-省际卡口,2023-12-08,942
S323-K10-市际卡口,2023-12-08,560
S323-K96-市际卡口,2023-12-08,1728
S324-K201-市际卡口,2023-12-08,888
S325-K63-市际卡口,2023-12-08,3155
S505-K10-市际卡口,2023-12-08,824
X308-K19-市际卡口,2023-12-08,698
G104-K744-省际卡口,2023-12-09,1310
G104-K873-省际卡口,2023-12-09,1808
G206-K816-省际卡口,2023-12-09,889
G235-K10-市际卡口,2023-12-09,1446
G3-K731-省际卡口,2023-12-09,1588
G310-K310-省际卡口,2023-12-09,859
G311-K207-省际卡口,2023-12-09,1012
G518518-K358-省际卡口,2023-12-09,1007
S250-K1-省际卡口,2023-12-09,1822
S251-K5-省际卡口,2023-12-09,333
S252-K56-省际卡口,2023-12-09,1095
S323-K10-市际卡口,2023-12-09,491
S323-K96-市际卡口,2023-12-09,1654
S324-K201-市际卡口,2023-12-09,543
S325-K63-市际卡口,2023-12-09,1875
S505-K10-市际卡口,2023-12-09,580
X308-K19-市际卡口,2023-12-09,481
G104-K744-省际卡口,2023-12-10,1000
G104-K873-省际卡口,2023-12-10,912
G206-K816-省际卡口,2023-12-10,439
G235-K10-市际卡口,2023-12-10,1344
G3-K731-省际卡口,2023-12-10,1662
G310-K310-省际卡口,2023-12-10,13
G311-K207-省际卡口,2023-12-10,818
G518518-K358-省际卡口,2023-12-10,463
S250-K1-省际卡口,2023-12-10,1884
S251-K5-省际卡口,2023-12-10,284
S252-K56-省际卡口,2023-12-10,427
S323-K10-市际卡口,2023-12-10,446
S323-K96-市际卡口,2023-12-10,488
S324-K201-市际卡口,2023-12-10,191
S325-K63-市际卡口,2023-12-10,1605
S505-K10-市际卡口,2023-12-10,294
X308-K19-市际卡口,2023-12-10,375
G104-K744-省际卡口,2023-12-11,1660
G104-K873-省际卡口,2023-12-11,1841
G206-K816-省际卡口,2023-12-11,816
G235-K10-市际卡口,2023-12-11,1837
G3-K731-省际卡口,2023-12-11,2726
G310-K310-省际卡口,2023-12-11,605
G311-K207-省际卡口,2023-12-11,1297
G518518-K358-省际卡口,2023-12-11,1072
S250-K1-省际卡口,2023-12-11,1914
S251-K5-省际卡口,2023-12-11,320
S252-K56-省际卡口,2023-12-11,1078
S253-K0-省际卡口,2023-12-11,316
S323-K10-市际卡口,2023-12-11,663
S323-K96-市际卡口,2023-12-11,1876
S324-K201-市际卡口,2023-12-11,459
S325-K63-市际卡口,2023-12-11,2281
S505-K10-市际卡口,2023-12-11,445
X308-K19-市际卡口,2023-12-11,549
G104-K744-省际卡口,2023-12-12,759
G104-K873-省际卡口,2023-12-12,1080
G206-K816-省际卡口,2023-12-12,397
G235-K10-市际卡口,2023-12-12,693
G3-K731-省际卡口,2023-12-12,1039
G310-K310-省际卡口,2023-12-12,75
G311-K207-省际卡口,2023-12-12,561
G518518-K358-省际卡口,2023-12-12,639
S250-K1-省际卡口,2023-12-12,543
S251-K5-省际卡口,2023-12-12,117
S252-K56-省际卡口,2023-12-12,487
S253-K0-省际卡口,2023-12-12,78
S323-K10-市际卡口,2023-12-12,242
S323-K96-市际卡口,2023-12-12,774
S324-K201-市际卡口,2023-12-12,229
S325-K63-市际卡口,2023-12-12,824
S505-K10-市际卡口,2023-12-12,255
X308-K19-市际卡口,2023-12-12,278
G104-K744-省际卡口,2023-12-13,1559
G104-K873-省际卡口,2023-12-13,2777
G206-K816-省际卡口,2023-12-13,1136
G235-K10-市际卡口,2023-12-13,1700
G3-K731-省际卡口,2023-12-13,2771
G310-K310-省际卡口,2023-12-13,1935
G311-K207-省际卡口,2023-12-13,1448
G518518-K358-省际卡口,2023-12-13,1729
S250-K1-省际卡口,2023-12-13,1274
S251-K5-省际卡口,2023-12-13,419
S252-K56-省际卡口,2023-12-13,1123
S253-K0-省际卡口,2023-12-13,830
S323-K10-市际卡口,2023-12-13,784
S323-K96-市际卡口,2023-12-13,1945
S324-K201-市际卡口,2023-12-13,610
S325-K63-市际卡口,2023-12-13,1019
S505-K10-市际卡口,2023-12-13,585
X308-K19-市际卡口,2023-12-13,542
G104-K744-省际卡口,2023-12-14,1839
G104-K873-省际卡口,2023-12-14,3300
G206-K816-省际卡口,2023-12-14,1383
G235-K10-市际卡口,2023-12-14,1626
G3-K731-省际卡口,2023-12-14,2740
G310-K310-省际卡口,2023-12-14,2140
G311-K207-省际卡口,2023-12-14,1613
G518518-K358-省际卡口,2023-12-14,1971
S250-K1-省际卡口,2023-12-14,1229
S251-K5-省际卡口,2023-12-14,396
S252-K56-省际卡口,2023-12-14,1028
S253-K0-省际卡口,2023-12-14,1013
S323-K10-市际卡口,2023-12-14,695
S323-K96-市际卡口,2023-12-14,1546
S324-K201-市际卡口,2023-12-14,593
S325-K63-市际卡口,2023-12-14,26
S505-K10-市际卡口,2023-12-14,737
X308-K19-市际卡口,2023-12-14,398
G104-K744-省际卡口,2023-12-15,648
G104-K873-省际卡口,2023-12-15,1019
G206-K816-省际卡口,2023-12-15,425
G235-K10-市际卡口,2023-12-15,973
G3-K731-省际卡口,2023-12-15,591
G310-K310-省际卡口,2023-12-15,590
G311-K207-省际卡口,2023-12-15,637
G518518-K358-省际卡口,2023-12-15,524
S250-K1-省际卡口,2023-12-15,1336
S251-K5-省际卡口,2023-12-15,238
S252-K56-省际卡口,2023-12-15,293
S253-K0-省际卡口,2023-12-15,431
S323-K10-市际卡口,2023-12-15,357
S323-K96-市际卡口,2023-12-15,419
S324-K201-市际卡口,2023-12-15,170
S325-K63-市际卡口,2023-12-15,764
S505-K10-市际卡口,2023-12-15,255
X308-K19-市际卡口,2023-12-15,280
G104-K744-省际卡口,2023-12-16,1063
G104-K873-省际卡口,2023-12-16,1536
G206-K816-省际卡口,2023-12-16,824
G235-K10-市际卡口,2023-12-16,760
G3-K731-省际卡口,2023-12-16,1351
G310-K310-省际卡口,2023-12-16,1427
G311-K207-省际卡口,2023-12-16,991
G518518-K358-省际卡口,2023-12-16,1243
S250-K1-省际卡口,2023-12-16,1478
S251-K5-省际卡口,2023-12-16,281
S252-K56-省际卡口,2023-12-16,548
S253-K0-省际卡口,2023-12-16,533
S323-K10-市际卡口,2023-12-16,107
S323-K96-市际卡口,2023-12-16,1769
S324-K201-市际卡口,2023-12-16,459
S325-K63-市际卡口,2023-12-16,1644
S505-K10-市际卡口,2023-12-16,418
X308-K19-市际卡口,2023-12-16,329
G104-K744-省际卡口,2023-12-17,974
G104-K873-省际卡口,2023-12-17,1288
G206-K816-省际卡口,2023-12-17,633
G235-K10-市际卡口,2023-12-17,626
G3-K731-省际卡口,2023-12-17,1630
G310-K310-省际卡口,2023-12-17,1061
G311-K207-省际卡口,2023-12-17,792
G518518-K358-省际卡口,2023-12-17,287
S250-K1-省际卡口,2023-12-17,1466
S251-K5-省际卡口,2023-12-17,270
S252-K56-省际卡口,2023-12-17,420
S253-K0-省际卡口,2023-12-17,390
S323-K10-市际卡口,2023-12-17,395
S323-K96-市际卡口,2023-12-17,157
S324-K201-市际卡口,2023-12-17,45
S325-K63-市际卡口,2023-12-17,702
S505-K10-市际卡口,2023-12-17,368
X308-K19-市际卡口,2023-12-17,356
G104-K744-省际卡口,2023-12-18,1660
G104-K873-省际卡口,2023-12-18,1841
G206-K816-省际卡口,2023-12-18,816
G235-K10-市际卡口,2023-12-18,1837
G3-K731-省际卡口,2023-12-18,2726
G310-K310-省际卡口,2023-12-18,605
G311-K207-省际卡口,2023-12-18,1297
G518518-K358-省际卡口,2023-12-18,1072
S250-K1-省际卡口,2023-12-18,1914
S251-K5-省际卡口,2023-12-18,320
S252-K56-省际卡口,2023-12-18,1078
S253-K0-省际卡口,2023-12-18,316
S323-K10-市际卡口,2023-12-18,663
S323-K96-市际卡口,2023-12-18,1876
S324-K201-市际卡口,2023-12-18,459
S325-K63-市际卡口,2023-12-18,2281
S505-K10-市际卡口,2023-12-18,445
X308-K19-市际卡口,2023-12-18,549
G104-K744-省际卡口,2023-12-19,759
G104-K873-省际卡口,2023-12-19,1080
G206-K816-省际卡口,2023-12-19,397
G235-K10-市际卡口,2023-12-19,693
G3-K731-省际卡口,2023-12-19,1039
G310-K310-省际卡口,2023-12-19,75
G311-K207-省际卡口,2023-12-19,561
G518518-K358-省际卡口,2023-12-19,639
S250-K1-省际卡口,2023-12-19,543
S251-K5-省际卡口,2023-12-19,117
S252-K56-省际卡口,2023-12-19,487
S253-K0-省际卡口,2023-12-19,78
S323-K10-市际卡口,2023-12-19,242
S323-K96-市际卡口,2023-12-19,774
S324-K201-市际卡口,2023-12-19,229
S325-K63-市际卡口,2023-12-19,824
S505-K10-市际卡口,2023-12-19,255
X308-K19-市际卡口,2023-12-19,278
G104-K744-省际卡口,2023-12-20,1559
G104-K873-省际卡口,2023-12-20,2777
G206-K816-省际卡口,2023-12-20,1136
G235-K10-市际卡口,2023-12-20,1700
G3-K731-省际卡口,2023-12-20,2771
G310-K310-省际卡口,2023-12-20,1935
G311-K207-省际卡口,2023-12-20,1448
G518518-K358-省际卡口,2023-12-20,1729
S250-K1-省际卡口,2023-12-20,1274
S251-K5-省际卡口,2023-12-20,419
S252-K56-省际卡口,2023-12-20,1123
S253-K0-省际卡口,2023-12-20,830
S323-K10-市际卡口,2023-12-20,784
S323-K96-市际卡口,2023-12-20,1945
S324-K201-市际卡口,2023-12-20,610
S325-K63-市际卡口,2023-12-20,1019
S505-K10-市际卡口,2023-12-20,585
X308-K19-市际卡口,2023-12-20,542
G104-K744-省际卡口,2023-12-21,1839
G104-K873-省际卡口,2023-12-21,3300
G206-K816-省际卡口,2023-12-21,1383
G235-K10-市际卡口,2023-12-21,1626
G3-K731-省际卡口,2023-12-21,2740
G310-K310-省际卡口,2023-12-21,2140
G311-K207-省际卡口,2023-12-21,1613
G518518-K358-省际卡口,2023-12-21,1971
S250-K1-省际卡口,2023-12-21,1229
S251-K5-省际卡口,2023-12-21,396
S252-K56-省际卡口,2023-12-21,1028
S253-K0-省际卡口,2023-12-21,1013
S323-K10-市际卡口,2023-12-21,695
S323-K96-市际卡口,2023-12-21,1546
S324-K201-市际卡口,2023-12-21,593
S325-K63-市际卡口,2023-12-21,26
S505-K10-市际卡口,2023-12-21,737
X308-K19-市际卡口,2023-12-21,398
G104-K744-省际卡口,2023-12-22,923
G104-K873-省际卡口,2023-12-22,1202
G206-K816-省际卡口,2023-12-22,696
G235-K10-市际卡口,2023-12-22,622
G3-K731-省际卡口,2023-12-22,1768
G310-K310-省际卡口,2023-12-22,939
G311-K207-省际卡口,2023-12-22,1727
G518518-K358-省际卡口,2023-12-22,902
S250-K1-省际卡口,2023-12-22,1503
S251-K5-省际卡口,2023-12-22,284
S252-K56-省际卡口,2023-12-22,357
S253-K0-省际卡口,2023-12-22,509
S323-K10-市际卡口,2023-12-22,269
S323-K96-市际卡口,2023-12-22,1652
S324-K201-市际卡口,2023-12-22,260
S325-K63-市际卡口,2023-12-22,1693
S505-K10-市际卡口,2023-12-22,345
X308-K19-市际卡口,2023-12-22,371
G104-K744-省际卡口,2023-12-23,703
G104-K873-省际卡口,2023-12-23,916
G206-K816-省际卡口,2023-12-23,490
G235-K10-市际卡口,2023-12-23,554
G3-K731-省际卡口,2023-12-23,1195
G310-K310-省际卡口,2023-12-23,855
G311-K207-省际卡口,2023-12-23,1343
G518518-K358-省际卡口,2023-12-23,800
S250-K1-省际卡口,2023-12-23,1200
S251-K5-省际卡口,2023-12-23,185
S252-K56-省际卡口,2023-12-23,329
S253-K0-省际卡口,2023-12-23,292
S323-K10-市际卡口,2023-12-23,345
S323-K96-市际卡口,2023-12-23,831
S324-K201-市际卡口,2023-12-23,179
S325-K63-市际卡口,2023-12-23,1557
S505-K10-市际卡口,2023-12-23,254
X308-K19-市际卡口,2023-12-23,244
G104-K744-省际卡口,2023-12-24,684
G104-K873-省际卡口,2023-12-24,762
G206-K816-省际卡口,2023-12-24,460
G235-K10-市际卡口,2023-12-24,591
G237-K148-省际卡口,2023-12-24,2
G3-K731-省际卡口,2023-12-24,910
G310-K310-省际卡口,2023-12-24,588
G311-K207-省际卡口,2023-12-24,1190
G518518-K358-省际卡口,2023-12-24,591
S250-K1-省际卡口,2023-12-24,1100
S251-K5-省际卡口,2023-12-24,169
S252-K56-省际卡口,2023-12-24,284
S253-K0-省际卡口,2023-12-24,252
S323-K10-市际卡口,2023-12-24,267
S323-K96-市际卡口,2023-12-24,649
S324-K201-市际卡口,2023-12-24,154
S325-K63-市际卡口,2023-12-24,1420
S505-K10-市际卡口,2023-12-24,229
X308-K19-市际卡口,2023-12-24,232
G104-K744-省际卡口,2023-12-25,1111
G104-K873-省际卡口,2023-12-25,1466
G206-K816-省际卡口,2023-12-25,693
G235-K10-市际卡口,2023-12-25,713
G3-K731-省际卡口,2023-12-25,1614
G310-K310-省际卡口,2023-12-25,1067
G311-K207-省际卡口,2023-12-25,1445
G518518-K358-省际卡口,2023-12-25,1103
S250-K1-省际卡口,2023-12-25,1545
S251-K5-省际卡口,2023-12-25,261
S252-K56-省际卡口,2023-12-25,538
S253-K0-省际卡口,2023-12-25,504
S323-K10-市际卡口,2023-12-25,360
S323-K96-市际卡口,2023-12-25,1207
S324-K201-市际卡口,2023-12-25,289
S325-K63-市际卡口,2023-12-25,1143
S505-K10-市际卡口,2023-12-25,380
X308-K19-市际卡口,2023-12-25,375
G104-K744-省际卡口,2023-12-26,672
G104-K873-省际卡口,2023-12-26,886
G206-K816-省际卡口,2023-12-26,469
G235-K10-市际卡口,2023-12-26,759
G3-K731-省际卡口,2023-12-26,1209
G310-K310-省际卡口,2023-12-26,669
G311-K207-省际卡口,2023-12-26,1087
G518518-K358-省际卡口,2023-12-26,687
S250-K1-省际卡口,2023-12-26,1500
S251-K5-省际卡口,2023-12-26,201
S252-K56-省际卡口,2023-12-26,405
S253-K0-省际卡口,2023-12-26,414
S323-K10-市际卡口,2023-12-26,303
S323-K96-市际卡口,2023-12-26,819
S324-K201-市际卡口,2023-12-26,182
S325-K63-市际卡口,2023-12-26,1523
S505-K10-市际卡口,2023-12-26,269
X308-K19-市际卡口,2023-12-26,338
G104-K744-省际卡口,2023-12-27,779
G104-K873-省际卡口,2023-12-27,1052
G206-K816-省际卡口,2023-12-27,498
G235-K10-市际卡口,2023-12-27,709
G3-K731-省际卡口,2023-12-27,1105
G310-K310-省际卡口,2023-12-27,625
G311-K207-省际卡口,2023-12-27,1378
G518518-K358-省际卡口,2023-12-27,315
S250-K1-省际卡口,2023-12-27,1700
S251-K5-省际卡口,2023-12-27,208
S252-K56-省际卡口,2023-12-27,462
S253-K0-省际卡口,2023-12-27,421
S323-K10-市际卡口,2023-12-27,264
S323-K96-市际卡口,2023-12-27,686
S324-K201-市际卡口,2023-12-27,196
S325-K63-市际卡口,2023-12-27,1321
S505-K10-市际卡口,2023-12-27,306
X308-K19-市际卡口,2023-12-27,260
G104-K744-省际卡口,2023-12-28,766
G104-K873-省际卡口,2023-12-28,800
G206-K816-省际卡口,2023-12-28,241
G235-K10-市际卡口,2023-12-28,957
G3-K731-省际卡口,2023-12-28,355
G310-K310-省际卡口,2023-12-28,536
G311-K207-省际卡口,2023-12-28,1538
G518518-K358-省际卡口,2023-12-28,272
S250-K1-省际卡口,2023-12-28,1349
S251-K5-省际卡口,2023-12-28,173
S252-K56-省际卡口,2023-12-28,218
S253-K0-省际卡口,2023-12-28,315
S323-K10-市际卡口,2023-12-28,304
S323-K96-市际卡口,2023-12-28,321
S324-K201-市际卡口,2023-12-28,74
S325-K63-市际卡口,2023-12-28,862
S505-K10-市际卡口,2023-12-28,216
X308-K19-市际卡口,2023-12-28,141
G104-K744-省际卡口,2023-12-29,561
G104-K873-省际卡口,2023-12-29,773
G206-K816-省际卡口,2023-12-29,286
G235-K10-市际卡口,2023-12-29,880
G3-K731-省际卡口,2023-12-29,506
G310-K310-省际卡口,2023-12-29,485
G311-K207-省际卡口,2023-12-29,1218
G518518-K358-省际卡口,2023-12-29,255
S250-K1-省际卡口,2023-12-29,1298
S251-K5-省际卡口,2023-12-29,198
S252-K56-省际卡口,2023-12-29,248
S253-K0-省际卡口,2023-12-29,333
S323-K10-市际卡口,2023-12-29,281
S323-K96-市际卡口,2023-12-29,99
S324-K201-市际卡口,2023-12-29,18
S325-K63-市际卡口,2023-12-29,738
S505-K10-市际卡口,2023-12-29,253
X308-K19-市际卡口,2023-12-29,231
G104-K744-省际卡口,2023-12-30,662
G104-K873-省际卡口,2023-12-30,751
G206-K816-省际卡口,2023-12-30,229
G235-K10-市际卡口,2023-12-30,837
G3-K731-省际卡口,2023-12-30,648
G310-K310-省际卡口,2023-12-30,430
G311-K207-省际卡口,2023-12-30,1412
G518518-K358-省际卡口,2023-12-30,300
S250-K1-省际卡口,2023-12-30,1283
S251-K5-省际卡口,2023-12-30,163
S252-K56-省际卡口,2023-12-30,137
S253-K0-省际卡口,2023-12-30,271
S323-K10-市际卡口,2023-12-30,226
S323-K96-市际卡口,2023-12-30,120
S324-K201-市际卡口,2023-12-30,55
S325-K63-市际卡口,2023-12-30,837
S505-K10-市际卡口,2023-12-30,176
X308-K19-市际卡口,2023-12-30,179
G104-K744-省际卡口,2023-12-31,974
G104-K873-省际卡口,2023-12-31,1288
G206-K816-省际卡口,2023-12-31,633
G235-K10-市际卡口,2023-12-31,626
G3-K731-省际卡口,2023-12-31,1630
G310-K310-省际卡口,2023-12-31,1061
G311-K207-省际卡口,2023-12-31,792
G518518-K358-省际卡口,2023-12-31,287
S250-K1-省际卡口,2023-12-31,1466
S251-K5-省际卡口,2023-12-31,270
S252-K56-省际卡口,2023-12-31,420
S253-K0-省际卡口,2023-12-31,390
S323-K10-市际卡口,2023-12-31,395
S323-K96-市际卡口,2023-12-31,157
S324-K201-市际卡口,2023-12-31,45
S325-K63-市际卡口,2023-12-31,702
S505-K10-市际卡口,2023-12-31,368
X308-K19-市际卡口,2023-12-31,356
G104-K744-省际卡口,2024-01-01,960
G104-K873-省际卡口,2024-01-01,759
G206-K816-省际卡口,2024-01-01,429
G235-K10-市际卡口,2024-01-01,1002
G3-K731-省际卡口,2024-01-01,979
G310-K310-省际卡口,2024-01-01,764
G311-K207-省际卡口,2024-01-01,1565
G518518-K358-省际卡口,2024-01-01,536
S250-K1-省际卡口,2024-01-01,1141
S251-K5-省际卡口,2024-01-01,220
S252-K56-省际卡口,2024-01-01,421
S253-K0-省际卡口,2024-01-01,370
S323-K10-市际卡口,2024-01-01,282
S323-K96-市际卡口,2024-01-01,536
S324-K201-市际卡口,2024-01-01,153
S325-K63-市际卡口,2024-01-01,987
S505-K10-市际卡口,2024-01-01,328
X308-K19-市际卡口,2024-01-01,339
G104-K744-省际卡口,2024-01-02,814
G104-K873-省际卡口,2024-01-02,1149
G206-K816-省际卡口,2024-01-02,380
G235-K10-市际卡口,2024-01-02,929
G3-K731-省际卡口,2024-01-02,1094
G310-K310-省际卡口,2024-01-02,827
G311-K207-省际卡口,2024-01-02,1304
G518518-K358-省际卡口,2024-01-02,555
S250-K1-省际卡口,2024-01-02,1638
S251-K5-省际卡口,2024-01-02,235
S252-K56-省际卡口,2024-01-02,505
S253-K0-省际卡口,2024-01-02,492
S323-K10-市际卡口,2024-01-02,396
S323-K96-市际卡口,2024-01-02,536
S324-K201-市际卡口,2024-01-02,162
S325-K63-市际卡口,2024-01-02,621
S505-K10-市际卡口,2024-01-02,331
X308-K19-市际卡口,2024-01-02,330
G104-K744-省际卡口,2024-01-03,795
G104-K873-省际卡口,2024-01-03,982
G206-K816-省际卡口,2024-01-03,356
G235-K10-市际卡口,2024-01-03,942
G3-K731-省际卡口,2024-01-03,964
G310-K310-省际卡口,2024-01-03,691
G311-K207-省际卡口,2024-01-03,1261
G518518-K358-省际卡口,2024-01-03,395
S250-K1-省际卡口,2024-01-03,1441
S251-K5-省际卡口,2024-01-03,206
S252-K56-省际卡口,2024-01-03,456
S253-K0-省际卡口,2024-01-03,404
S323-K10-市际卡口,2024-01-03,309
S323-K96-市际卡口,2024-01-03,477
S324-K201-市际卡口,2024-01-03,132
S325-K63-市际卡口,2024-01-03,395
S505-K10-市际卡口,2024-01-03,276
X308-K19-市际卡口,2024-01-03,207
G104-K744-省际卡口,2024-01-04,937
G104-K873-省际卡口,2024-01-04,1173
G206-K816-省际卡口,2024-01-04,573
G235-K10-市际卡口,2024-01-04,677
G3-K731-省际卡口,2024-01-04,1064
G310-K310-省际卡口,2024-01-04,1065
G311-K207-省际卡口,2024-01-04,1705
G518518-K358-省际卡口,2024-01-04,502
S250-K1-省际卡口,2024-01-04,1611
S251-K5-省际卡口,2024-01-04,214
S252-K56-省际卡口,2024-01-04,452
S253-K0-省际卡口,2024-01-04,574
S323-K10-市际卡口,2024-01-04,239
S323-K96-市际卡口,2024-01-04,978
S324-K201-市际卡口,2024-01-04,49
S325-K63-市际卡口,2024-01-04,1537
S505-K10-市际卡口,2024-01-04,376
X308-K19-市际卡口,2024-01-04,409
G104-K744-省际卡口,2024-01-05,682
G104-K873-省际卡口,2024-01-05,788
G206-K816-省际卡口,2024-01-05,351
G235-K10-市际卡口,2024-01-05,555
G237-K148-省际卡口,2024-01-05,4
G3-K731-省际卡口,2024-01-05,768
G310-K310-省际卡口,2024-01-05,672
G311-K207-省际卡口,2024-01-05,1390
G518518-K358-省际卡口,2024-01-05,208
S250-K1-省际卡口,2024-01-05,1358
S251-K5-省际卡口,2024-01-05,159
S252-K56-省际卡口,2024-01-05,267
S253-K0-省际卡口,2024-01-05,397
S323-K10-市际卡口,2024-01-05,284
S323-K96-市际卡口,2024-01-05,592
S324-K201-市际卡口,2024-01-05,153
S325-K63-市际卡口,2024-01-05,827
S505-K10-市际卡口,2024-01-05,219
X308-K19-市际卡口,2024-01-05,264
G104-K744-省际卡口,2024-01-06,279
G104-K873-省际卡口,2024-01-06,142
G206-K816-省际卡口,2024-01-06,66
G235-K10-市际卡口,2024-01-06,389
G237-K148-省际卡口,2024-01-06,2
G3-K731-省际卡口,2024-01-06,764
G310-K310-省际卡口,2024-01-06,102
G311-K207-省际卡口,2024-01-06,688
G518518-K358-省际卡口,2024-01-06,364
S250-K1-省际卡口,2024-01-06,1009
S251-K5-省际卡口,2024-01-06,88
S252-K56-省际卡口,2024-01-06,21
S253-K0-省际卡口,2024-01-06,117
S323-K10-市际卡口,2024-01-06,172
S323-K96-市际卡口,2024-01-06,163
S324-K201-市际卡口,2024-01-06,40
S325-K63-市际卡口,2024-01-06,207
S505-K10-市际卡口,2024-01-06,56
X308-K19-市际卡口,2024-01-06,78
G104-K744-省际卡口,2024-01-07,517
G104-K873-省际卡口,2024-01-07,740
G206-K816-省际卡口,2024-01-07,278
G235-K10-市际卡口,2024-01-07,527
G3-K731-省际卡口,2024-01-07,547
G310-K310-省际卡口,2024-01-07,657
G311-K207-省际卡口,2024-01-07,921
G518518-K358-省际卡口,2024-01-07,399
S250-K1-省际卡口,2024-01-07,903
S251-K5-省际卡口,2024-01-07,176
S252-K56-省际卡口,2024-01-07,227
S253-K0-省际卡口,2024-01-07,330
S323-K10-市际卡口,2024-01-07,316
S323-K96-市际卡口,2024-01-07,439
S324-K201-市际卡口,2024-01-07,141
S325-K63-市际卡口,2024-01-07,963
S505-K10-市际卡口,2024-01-07,195
X308-K19-市际卡口,2024-01-07,227
G104-K744-省际卡口,2024-01-08,707
G104-K873-省际卡口,2024-01-08,923
G206-K816-省际卡口,2024-01-08,430
G235-K10-市际卡口,2024-01-08,695
G3-K731-省际卡口,2024-01-08,861
G310-K310-省际卡口,2024-01-08,868
G311-K207-省际卡口,2024-01-08,1221
G518518-K358-省际卡口,2024-01-08,467
S250-K1-省际卡口,2024-01-08,1485
S251-K5-省际卡口,2024-01-08,221
S252-K56-省际卡口,2024-01-08,539
S253-K0-省际卡口,2024-01-08,416
S323-K10-市际卡口,2024-01-08,425
S323-K96-市际卡口,2024-01-08,730
S324-K201-市际卡口,2024-01-08,148
S325-K63-市际卡口,2024-01-08,1389
S505-K10-市际卡口,2024-01-08,271
X308-K19-市际卡口,2024-01-08,276
G104-K744-省际卡口,2024-01-09,575
G104-K873-省际卡口,2024-01-09,554
G206-K816-省际卡口,2024-01-09,259
G235-K10-市际卡口,2024-01-09,878
G3-K731-省际卡口,2024-01-09,964
G310-K310-省际卡口,2024-01-09,699
G311-K207-省际卡口,2024-01-09,1123
G518518-K358-省际卡口,2024-01-09,216
S250-K1-省际卡口,2024-01-09,1553
S251-K5-省际卡口,2024-01-09,176
S252-K56-省际卡口,2024-01-09,270
S253-K0-省际卡口,2024-01-09,348
S323-K10-市际卡口,2024-01-09,380
S323-K96-市际卡口,2024-01-09,204
S324-K201-市际卡口,2024-01-09,50
S325-K63-市际卡口,2024-01-09,1241
S505-K10-市际卡口,2024-01-09,204
X308-K19-市际卡口,2024-01-09,260
G104-K744-省际卡口,2024-01-10,684
G104-K873-省际卡口,2024-01-10,844
G206-K816-省际卡口,2024-01-10,376
G235-K10-市际卡口,2024-01-10,636
G3-K731-省际卡口,2024-01-10,1007
G310-K310-省际卡口,2024-01-10,833
G311-K207-省际卡口,2024-01-10,1174
G518518-K358-省际卡口,2024-01-10,473
S250-K1-省际卡口,2024-01-10,1679
S251-K5-省际卡口,2024-01-10,219
S252-K56-省际卡口,2024-01-10,311
S253-K0-省际卡口,2024-01-10,437
S323-K10-市际卡口,2024-01-10,476
S323-K96-市际卡口,2024-01-10,608
S324-K201-市际卡口,2024-01-10,201
S325-K63-市际卡口,2024-01-10,1464
S505-K10-市际卡口,2024-01-10,258
X308-K19-市际卡口,2024-01-10,260
G104-K744-省际卡口,2024-01-11,535
G104-K873-省际卡口,2024-01-11,617
G206-K816-省际卡口,2024-01-11,233
G235-K10-市际卡口,2024-01-11,644
G3-K731-省际卡口,2024-01-11,884
G310-K310-省际卡口,2024-01-11,560
G311-K207-省际卡口,2024-01-11,980
G518518-K358-省际卡口,2024-01-11,129
S250-K1-省际卡口,2024-01-11,2125
S251-K5-省际卡口,2024-01-11,285
S252-K56-省际卡口,2024-01-11,188
S253-K0-省际卡口,2024-01-11,580
S323-K10-市际卡口,2024-01-11,358
S323-K96-市际卡口,2024-01-11,1591
S324-K201-市际卡口,2024-01-11,474
S325-K63-市际卡口,2024-01-11,2323
S505-K10-市际卡口,2024-01-11,149
X308-K19-市际卡口,2024-01-11,171
G104-K744-省际卡口,2024-01-12,516
G104-K873-省际卡口,2024-01-12,538
G206-K816-省际卡口,2024-01-12,209
G235-K10-市际卡口,2024-01-12,563
G3-K731-省际卡口,2024-01-12,720
G310-K310-省际卡口,2024-01-12,611
G311-K207-省际卡口,2024-01-12,890
G518518-K358-省际卡口,2024-01-12,159
S250-K1-省际卡口,2024-01-12,1296
S251-K5-省际卡口,2024-01-12,153
S252-K56-省际卡口,2024-01-12,178
S253-K0-省际卡口,2024-01-12,309
S323-K10-市际卡口,2024-01-12,280
S323-K96-市际卡口,2024-01-12,439
S324-K201-市际卡口,2024-01-12,115
S325-K63-市际卡口,2024-01-12,1193
S505-K10-市际卡口,2024-01-12,174
X308-K19-市际卡口,2024-01-12,186
G104-K744-省际卡口,2024-01-13,516
G104-K873-省际卡口,2024-01-13,538
G206-K816-省际卡口,2024-01-13,209
G235-K10-市际卡口,2024-01-13,563
G3-K731-省际卡口,2024-01-13,720
G310-K310-省际卡口,2024-01-13,611
G311-K207-省际卡口,2024-01-13,890
G518518-K358-省际卡口,2024-01-13,159
S250-K1-省际卡口,2024-01-13,1296
S251-K5-省际卡口,2024-01-13,153
S252-K56-省际卡口,2024-01-13,178
S253-K0-省际卡口,2024-01-13,309
S323-K10-市际卡口,2024-01-13,280
S323-K96-市际卡口,2024-01-13,439
S324-K201-市际卡口,2024-01-13,115
S325-K63-市际卡口,2024-01-13,1193
S505-K10-市际卡口,2024-01-13,174
X308-K19-市际卡口,2024-01-13,186
G104-K744-省际卡口,2024-01-14,540
G104-K873-省际卡口,2024-01-14,527
G206-K816-省际卡口,2024-01-14,170
G235-K10-市际卡口,2024-01-14,662
G3-K731-省际卡口,2024-01-14,920
G310-K310-省际卡口,2024-01-14,576
G311-K207-省际卡口,2024-01-14,1133
G518518-K358-省际卡口,2024-01-14,389
S250-K1-省际卡口,2024-01-14,1374
S251-K5-省际卡口,2024-01-14,149
S252-K56-省际卡口,2024-01-14,87
S253-K0-省际卡口,2024-01-14,262
S323-K10-市际卡口,2024-01-14,318
S323-K96-市际卡口,2024-01-14,141
S324-K201-市际卡口,2024-01-14,37
S325-K63-市际卡口,2024-01-14,1222
S505-K10-市际卡口,2024-01-14,166
X308-K19-市际卡口,2024-01-14,197
G104-K744-省际卡口,2024-01-15,820
G104-K873-省际卡口,2024-01-15,1007
G206-K816-省际卡口,2024-01-15,398
G235-K10-市际卡口,2024-01-15,710
G237-K148-省际卡口,2024-01-15,2
G3-K731-省际卡口,2024-01-15,1064
G310-K310-省际卡口,2024-01-15,1011
G311-K207-省际卡口,2024-01-15,1492
G518518-K358-省际卡口,2024-01-15,564
S250-K1-省际卡口,2024-01-15,1667
S251-K5-省际卡口,2024-01-15,206
S252-K56-省际卡口,2024-01-15,341
S253-K0-省际卡口,2024-01-15,390
S323-K10-市际卡口,2024-01-15,471
S323-K96-市际卡口,2024-01-15,599
S324-K201-市际卡口,2024-01-15,139
S325-K63-市际卡口,2024-01-15,1575
S505-K10-市际卡口,2024-01-15,276
X308-K19-市际卡口,2024-01-15,339
G104-K744-省际卡口,2024-01-16,495
G104-K873-省际卡口,2024-01-16,593
G206-K816-省际卡口,2024-01-16,287
G235-K10-市际卡口,2024-01-16,730
G237-K148-省际卡口,2024-01-16,1
G3-K731-省际卡口,2024-01-16,1146
G310-K310-省际卡口,2024-01-16,522
G311-K207-省际卡口,2024-01-16,1089
G518518-K358-省际卡口,2024-01-16,72
S250-K1-省际卡口,2024-01-16,1892
S251-K5-省际卡口,2024-01-16,319
S252-K56-省际卡口,2024-01-16,288
S253-K0-省际卡口,2024-01-16,489
S323-K10-市际卡口,2024-01-16,348
S323-K96-市际卡口,2024-01-16,1294
S324-K201-市际卡口,2024-01-16,395
S325-K63-市际卡口,2024-01-16,1864
S505-K10-市际卡口,2024-01-16,176
X308-K19-市际卡口,2024-01-16,211
G104-K744-省际卡口,2024-01-17,603
G104-K873-省际卡口,2024-01-17,999
G206-K816-省际卡口,2024-01-17,263
G235-K10-市际卡口,2024-01-17,807
G237-K148-省际卡口,2024-01-17,1
G3-K731-省际卡口,2024-01-17,906
G310-K310-省际卡口,2024-01-17,705
G311-K207-省际卡口,2024-01-17,1322
G518518-K358-省际卡口,2024-01-17,256
S250-K1-省际卡口,2024-01-17,1345
S251-K5-省际卡口,2024-01-17,163
S252-K56-省际卡口,2024-01-17,149
S253-K0-省际卡口,2024-01-17,214
S323-K10-市际卡口,2024-01-17,338
S323-K96-市际卡口,2024-01-17,205
S324-K201-市际卡口,2024-01-17,46
S325-K63-市际卡口,2024-01-17,512
S505-K10-市际卡口,2024-01-17,260
X308-K19-市际卡口,2024-01-17,235
G104-K744-省际卡口,2024-01-18,523
G104-K873-省际卡口,2024-01-18,896
G206-K816-省际卡口,2024-01-18,190
G235-K10-市际卡口,2024-01-18,918
G3-K731-省际卡口,2024-01-18,912
G310-K310-省际卡口,2024-01-18,599
G311-K207-省际卡口,2024-01-18,1133
G518518-K358-省际卡口,2024-01-18,508
S250-K1-省际卡口,2024-01-18,1410
S251-K5-省际卡口,2024-01-18,178
S252-K56-省际卡口,2024-01-18,154
S253-K0-省际卡口,2024-01-18,281
S323-K10-市际卡口,2024-01-18,351
S323-K96-市际卡口,2024-01-18,251
S324-K201-市际卡口,2024-01-18,58
S325-K63-市际卡口,2024-01-18,1053
S505-K10-市际卡口,2024-01-18,194
X308-K19-市际卡口,2024-01-18,240
G104-K744-省际卡口,2024-01-19,304
G104-K873-省际卡口,2024-01-19,417
G206-K816-省际卡口,2024-01-19,160
G235-K10-市际卡口,2024-01-19,451
G3-K731-省际卡口,2024-01-19,457
G310-K310-省际卡口,2024-01-19,377
G311-K207-省际卡口,2024-01-19,538
G518518-K358-省际卡口,2024-01-19,292
S250-K1-省际卡口,2024-01-19,850
S251-K5-省际卡口,2024-01-19,110
S252-K56-省际卡口,2024-01-19,241
S253-K0-省际卡口,2024-01-19,179
S323-K10-市际卡口,2024-01-19,233
S323-K96-市际卡口,2024-01-19,286
S324-K201-市际卡口,2024-01-19,64
S325-K63-市际卡口,2024-01-19,570
S505-K10-市际卡口,2024-01-19,100
X308-K19-市际卡口,2024-01-19,156
G104-K744-省际卡口,2024-01-20,435
G104-K873-省际卡口,2024-01-20,622
G206-K816-省际卡口,2024-01-20,197
G235-K10-市际卡口,2024-01-20,648
G3-K731-省际卡口,2024-01-20,671
G310-K310-省际卡口,2024-01-20,503
G311-K207-省际卡口,2024-01-20,1020
G518518-K358-省际卡口,2024-01-20,415
S250-K1-省际卡口,2024-01-20,1223
S251-K5-省际卡口,2024-01-20,140
S252-K56-省际卡口,2024-01-20,154
S253-K0-省际卡口,2024-01-20,226
S323-K10-市际卡口,2024-01-20,291
S323-K96-市际卡口,2024-01-20,254
S324-K201-市际卡口,2024-01-20,64
S325-K63-市际卡口,2024-01-20,709
S505-K10-市际卡口,2024-01-20,188
X308-K19-市际卡口,2024-01-20,185
G104-K744-省际卡口,2024-01-21,587
G104-K873-省际卡口,2024-01-21,885
G206-K816-省际卡口,2024-01-21,260
G235-K10-市际卡口,2024-01-21,838
G3-K731-省际卡口,2024-01-21,1083
G310-K310-省际卡口,2024-01-21,505
G311-K207-省际卡口,2024-01-21,1195
G518518-K358-省际卡口,2024-01-21,639
S250-K1-省际卡口,2024-01-21,1433
S251-K5-省际卡口,2024-01-21,177
S252-K56-省际卡口,2024-01-21,147
S253-K0-省际卡口,2024-01-21,265
S323-K10-市际卡口,2024-01-21,435
S323-K96-市际卡口,2024-01-21,391
S324-K201-市际卡口,2024-01-21,104
S325-K63-市际卡口,2024-01-21,1400
S505-K10-市际卡口,2024-01-21,202
X308-K19-市际卡口,2024-01-21,241
G104-K744-省际卡口,2024-01-22,1067
G104-K873-省际卡口,2024-01-22,2002
G206-K816-省际卡口,2024-01-22,852
G235-K10-市际卡口,2024-01-22,1153
G3-K731-省际卡口,2024-01-22,1177
G310-K310-省际卡口,2024-01-22,1423
G311-K207-省际卡口,2024-01-22,1722
G518518-K358-省际卡口,2024-01-22,1150
S250-K1-省际卡口,2024-01-22,1862
S251-K5-省际卡口,2024-01-22,383
S252-K56-省际卡口,2024-01-22,673
S253-K0-省际卡口,2024-01-22,671
S323-K10-市际卡口,2024-01-22,710
S323-K96-市际卡口,2024-01-22,1346
S324-K201-市际卡口,2024-01-22,385
S325-K63-市际卡口,2024-01-22,1650
S505-K10-市际卡口,2024-01-22,436
X308-K19-市际卡口,2024-01-22,621
G104-K744-省际卡口,2024-01-23,1458
G104-K873-省际卡口,2024-01-23,2435
G206-K816-省际卡口,2024-01-23,1078
G235-K10-市际卡口,2024-01-23,1193
G237-K148-省际卡口,2024-01-23,1
G3-K731-省际卡口,2024-01-23,1059
G310-K310-省际卡口,2024-01-23,2185
G311-K207-省际卡口,2024-01-23,2133
G518518-K358-省际卡口,2024-01-23,1492
S250-K1-省际卡口,2024-01-23,2116
S251-K5-省际卡口,2024-01-23,441
S252-K56-省际卡口,2024-01-23,742
S253-K0-省际卡口,2024-01-23,753
S323-K10-市际卡口,2024-01-23,671
S323-K96-市际卡口,2024-01-23,1004
S324-K201-市际卡口,2024-01-23,244
S325-K63-市际卡口,2024-01-23,1558
S505-K10-市际卡口,2024-01-23,622
X308-K19-市际卡口,2024-01-23,741
G104-K744-省际卡口,2024-01-24,553
G104-K873-省际卡口,2024-01-24,813
G206-K816-省际卡口,2024-01-24,347
G235-K10-市际卡口,2024-01-24,450
G3-K731-省际卡口,2024-01-24,671
G310-K310-省际卡口,2024-01-24,544
G311-K207-省际卡口,2024-01-24,905
G518518-K358-省际卡口,2024-01-24,499
S250-K1-省际卡口,2024-01-24,1084
S251-K5-省际卡口,2024-01-24,196
S252-K56-省际卡口,2024-01-24,335
S253-K0-省际卡口,2024-01-24,333
S323-K10-市际卡口,2024-01-24,337
S323-K96-市际卡口,2024-01-24,799
S324-K201-市际卡口,2024-01-24,170
S325-K63-市际卡口,2024-01-24,1032
S505-K10-市际卡口,2024-01-24,211
X308-K19-市际卡口,2024-01-24,233
G104-K744-省际卡口,2024-01-25,484
G104-K873-省际卡口,2024-01-25,807
G206-K816-省际卡口,2024-01-25,264
G235-K10-市际卡口,2024-01-25,492
G237-K148-省际卡口,2024-01-25,1
G3-K731-省际卡口,2024-01-25,758
G310-K310-省际卡口,2024-01-25,456
G311-K207-省际卡口,2024-01-25,940
G518518-K358-省际卡口,2024-01-25,446
S250-K1-省际卡口,2024-01-25,1130
S251-K5-省际卡口,2024-01-25,163
S252-K56-省际卡口,2024-01-25,238
S253-K0-省际卡口,2024-01-25,264
S323-K10-市际卡口,2024-01-25,340
S323-K96-市际卡口,2024-01-25,458
S324-K201-市际卡口,2024-01-25,99
S325-K63-市际卡口,2024-01-25,1093
S505-K10-市际卡口,2024-01-25,176
X308-K19-市际卡口,2024-01-25,223
G104-K744-省际卡口,2024-01-26,539
G104-K873-省际卡口,2024-01-26,782
G206-K816-省际卡口,2024-01-26,267
G235-K10-市际卡口,2024-01-26,521
G3-K731-省际卡口,2024-01-26,816
G310-K310-省际卡口,2024-01-26,493
G311-K207-省际卡口,2024-01-26,954
G518518-K358-省际卡口,2024-01-26,597
S250-K1-省际卡口,2024-01-26,1124
S251-K5-省际卡口,2024-01-26,162
S252-K56-省际卡口,2024-01-26,279
S253-K0-省际卡口,2024-01-26,264
S323-K10-市际卡口,2024-01-26,336
S323-K96-市际卡口,2024-01-26,475
S324-K201-市际卡口,2024-01-26,75
S325-K63-市际卡口,2024-01-26,595
S505-K10-市际卡口,2024-01-26,206
X308-K19-市际卡口,2024-01-26,236
G104-K744-省际卡口,2024-01-27,531
G104-K873-省际卡口,2024-01-27,847
G206-K816-省际卡口,2024-01-27,246
G235-K10-市际卡口,2024-01-27,564
G3-K731-省际卡口,2024-01-27,773
G310-K310-省际卡口,2024-01-27,535
G311-K207-省际卡口,2024-01-27,1063
G518518-K358-省际卡口,2024-01-27,643
S250-K1-省际卡口,2024-01-27,1037
S251-K5-省际卡口,2024-01-27,203
S252-K56-省际卡口,2024-01-27,305
S253-K0-省际卡口,2024-01-27,313
S323-K10-市际卡口,2024-01-27,318
S323-K96-市际卡口,2024-01-27,487
S324-K201-市际卡口,2024-01-27,88
S325-K63-市际卡口,2024-01-27,913
S505-K10-市际卡口,2024-01-27,235
X308-K19-市际卡口,2024-01-27,245
G104-K744-省际卡口,2024-01-28,239
G104-K873-省际卡口,2024-01-28,242
G206-K816-省际卡口,2024-01-28,72
G235-K10-市际卡口,2024-01-28,278
G3-K731-省际卡口,2024-01-28,548
G310-K310-省际卡口,2024-01-28,178
G311-K207-省际卡口,2024-01-28,527
G518518-K358-省际卡口,2024-01-28,333
S250-K1-省际卡口,2024-01-28,600
S251-K5-省际卡口,2024-01-28,108
S252-K56-省际卡口,2024-01-28,68
S253-K0-省际卡口,2024-01-28,147
S323-K10-市际卡口,2024-01-28,158
S323-K96-市际卡口,2024-01-28,10
S325-K63-市际卡口,2024-01-28,34
S505-K10-市际卡口,2024-01-28,78
X308-K19-市际卡口,2024-01-28,117
G104-K744-省际卡口,2024-01-29,984
G104-K873-省际卡口,2024-01-29,1602
G206-K816-省际卡口,2024-01-29,731
G235-K10-市际卡口,2024-01-29,1050
G237-K148-省际卡口,2024-01-29,1
G3-K731-省际卡口,2024-01-29,812
G310-K310-省际卡口,2024-01-29,1357
G311-K207-省际卡口,2024-01-29,1554
G518518-K358-省际卡口,2024-01-29,1246
S250-K1-省际卡口,2024-01-29,1537
S251-K5-省际卡口,2024-01-29,422
S252-K56-省际卡口,2024-01-29,1191
S253-K0-省际卡口,2024-01-29,747
S323-K10-市际卡口,2024-01-29,671
S323-K96-市际卡口,2024-01-29,1586
S324-K201-市际卡口,2024-01-29,219
S325-K63-市际卡口,2024-01-29,923
S505-K10-市际卡口,2024-01-29,497
X308-K19-市际卡口,2024-01-29,568
G104-K744-省际卡口,2024-01-30,1056
G104-K873-省际卡口,2024-01-30,1951
G206-K816-省际卡口,2024-01-30,797
G235-K10-市际卡口,2024-01-30,1489
G237-K148-省际卡口,2024-01-30,259
G3-K731-省际卡口,2024-01-30,644
G310-K310-省际卡口,2024-01-30,2034
G311-K207-省际卡口,2024-01-30,2154
G518518-K358-省际卡口,2024-01-30,1414
S250-K1-省际卡口,2024-01-30,1600
S251-K5-省际卡口,2024-01-30,413
S252-K56-省际卡口,2024-01-30,960
S253-K0-省际卡口,2024-01-30,926
S323-K10-市际卡口,2024-01-30,837
S323-K96-市际卡口,2024-01-30,930
S324-K201-市际卡口,2024-01-30,284
S325-K63-市际卡口,2024-01-30,1290
S505-K10-市际卡口,2024-01-30,591
X308-K19-市际卡口,2024-01-30,950
G104-K744-省际卡口,2024-01-31,551
G104-K873-省际卡口,2024-01-31,817
G206-K816-省际卡口,2024-01-31,517
G235-K10-市际卡口,2024-01-31,1003
G237-K148-省际卡口,2024-01-31,193
G3-K731-省际卡口,2024-01-31,383
G310-K310-省际卡口,2024-01-31,1205
G311-K207-省际卡口,2024-01-31,1397
G518518-K358-省际卡口,2024-01-31,432
S250-K1-省际卡口,2024-01-31,582
S251-K5-省际卡口,2024-01-31,299
S252-K56-省际卡口,2024-01-31,639
S253-K0-省际卡口,2024-01-31,629
S323-K10-市际卡口,2024-01-31,375
S323-K96-市际卡口,2024-01-31,451
S324-K201-市际卡口,2024-01-31,115
S325-K63-市际卡口,2024-01-31,52
S505-K10-市际卡口,2024-01-31,207
X308-K19-市际卡口,2024-01-31,447
